sn_name,prediction_timestamp,serial_number_type
sn_61404,1717486415,A
sn_61404,1717851827,A
sn_61404,1717857263,A
sn_61404,1717860012,A
sn_61404,1717977262,A
sn_61404,1717982662,A
sn_61404,1718031742,A
sn_61404,1718034497,A
sn_61404,1718080897,A
sn_61404,1718116342,A
sn_61404,1718154502,A
sn_61404,1718170822,A
sn_61404,1718198162,A
sn_61404,1718266337,A
sn_61404,1718269062,A
sn_61404,1718329057,A
sn_61404,1718345417,A
sn_61404,1718353582,A
sn_61404,1718356327,A
sn_61404,1718375417,A
sn_61404,1718378142,A
sn_61404,1718383577,A
sn_61404,1718388977,A
sn_61404,1718410822,A
sn_61404,1720025182,A
sn_61404,1720439751,A
sn_61404,1720477932,A
sn_61404,1720565182,A
sn_61404,1720573337,A
sn_61404,1720633331,A
sn_61404,1720641501,A
sn_61404,1721713222,A
sn_61751,1721425915,A
sn_61751,1721457005,A
sn_59154,1722394554,A
sn_17512,1720889560,A
sn_17512,1720892371,A
sn_17512,1720895162,A
sn_17512,1720897400,A
sn_17512,1720900618,A
sn_17512,1720905938,A
sn_17512,1720919436,A
sn_17512,1720922410,A
sn_17512,1720924908,A
sn_17512,1720930524,A
sn_17512,1720935918,A
sn_17512,1720938665,A
sn_17512,1720941182,A
sn_17512,1720946701,A
sn_17512,1720949428,A
sn_17512,1720954835,A
sn_33969,1718350743,A
sn_56918,1718996949,A
sn_56918,1718999623,A
sn_56918,1719025847,A
sn_14866,1718574330,A
sn_14866,1718577090,A
sn_65181,1720360670,A
sn_59863,1718558052,A
sn_59863,1718560711,A
sn_29621,1718184343,A
sn_56271,1722222025,A
sn_56271,1722313165,A
sn_56271,1722324074,A
sn_56271,1722408644,A
sn_39648,1722159859,A
sn_15666,1719364808,A
sn_43003,1717231767,A
sn_60027,1720806715,A
sn_39767,1721077833,A
sn_39767,1721088750,A
sn_39767,1721113107,A
sn_39767,1721131960,A
sn_23932,1717486375,A
sn_23932,1717505275,A
sn_64424,1720588206,A
sn_64424,1720591565,A
sn_64424,1720597143,A
sn_32232,1719313345,A
sn_32232,1719315035,A
sn_32232,1719317816,A
sn_29985,1721696403,A
sn_29985,1721701874,A
sn_29985,1721707286,A
sn_29985,1721717387,A
sn_4133,1720139773,A
sn_4133,1720165452,A
sn_4133,1720180105,A
sn_4133,1720245142,A
sn_4133,1720371485,A
sn_4133,1720414922,A
sn_4133,1720417929,A
sn_4133,1720425995,A
sn_4133,1720430044,A
sn_4133,1720436655,A
sn_4133,1720461360,A
sn_4133,1720477488,A
sn_4133,1720540568,A
sn_4133,1720577889,A
sn_4133,1720583931,A
sn_4133,1720663147,A
sn_51775,1719097437,A
sn_51775,1719098303,A
sn_51775,1719124403,A
sn_51775,1719165802,A
sn_6911,1718659711,A
sn_6911,1718672265,A
sn_6911,1718694476,A
sn_6911,1718706022,A
sn_6911,1718775226,A
sn_6911,1718792386,A
sn_6911,1718803426,A
sn_6911,1718882911,A
sn_6911,1719242746,A
sn_6911,1719245506,A
sn_6911,1719354945,A
sn_6911,1719376222,A
sn_6911,1719378226,A
sn_6911,1719396591,A
sn_6911,1719466087,A
sn_6911,1719534105,A
sn_6911,1719549106,A
sn_6911,1719553065,A
sn_6911,1719557067,A
sn_6911,1719579747,A
sn_6911,1719632161,A
sn_6911,1719743626,A
sn_6911,1719758192,A
sn_6911,1719795991,A
sn_6911,1719808326,A
sn_6911,1719844066,A
sn_6911,1719880665,A
sn_6911,1719913342,A
sn_6911,1719922426,A
sn_6911,1719962526,A
sn_6911,1719962626,A
sn_6911,1720013880,A
sn_6911,1720044596,A
sn_6911,1720081337,A
sn_6911,1720092721,A
sn_6911,1720114186,A
sn_6911,1720136536,A
sn_6911,1720156112,A
sn_6911,1720161267,A
sn_6911,1720169662,A
sn_6911,1720170946,A
sn_6911,1720181642,A
sn_6911,1720265187,A
sn_6911,1720280746,A
sn_6911,1720296105,A
sn_6911,1720342670,A
sn_6911,1720345436,A
sn_6911,1720359106,A
sn_6911,1720363582,A
sn_6911,1720386945,A
sn_6911,1720392586,A
sn_6911,1720410496,A
sn_6911,1720414217,A
sn_6911,1720420552,A
sn_6911,1720422502,A
sn_6911,1720425826,A
sn_6911,1720428826,A
sn_6911,1720430386,A
sn_6911,1720432812,A
sn_6911,1720447667,A
sn_6911,1720458621,A
sn_6911,1720463276,A
sn_6911,1720472386,A
sn_6911,1720472746,A
sn_6911,1720496386,A
sn_6911,1720501921,A
sn_6911,1720503465,A
sn_6911,1720510586,A
sn_6911,1720510681,A
sn_6911,1720514895,A
sn_6911,1720521490,A
sn_6911,1720575466,A
sn_6911,1720578106,A
sn_6911,1720579566,A
sn_6911,1720589265,A
sn_6911,1720591666,A
sn_6911,1720594922,A
sn_6911,1720601407,A
sn_6911,1720614601,A
sn_6911,1720626032,A
sn_6911,1720685186,A
sn_6911,1720694547,A
sn_6911,1720717906,A
sn_6911,1720754265,A
sn_6911,1720763891,A
sn_6911,1720786065,A
sn_6911,1720789546,A
sn_6911,1720824256,A
sn_6911,1720831446,A
sn_6911,1720867426,A
sn_6911,1720876785,A
sn_6911,1720880507,A
sn_6911,1720886057,A
sn_6911,1720889281,A
sn_6911,1720897065,A
sn_6911,1720962466,A
sn_6911,1720964071,A
sn_6911,1720988626,A
sn_6911,1721028121,A
sn_6911,1721037022,A
sn_6911,1721040372,A
sn_6911,1721045385,A
sn_6911,1721051986,A
sn_6911,1721058951,A
sn_6911,1721081146,A
sn_6911,1721087266,A
sn_6911,1721115586,A
sn_6911,1721117301,A
sn_6911,1721121273,A
sn_6911,1721131202,A
sn_6911,1721139107,A
sn_6911,1721142946,A
sn_6911,1721144026,A
sn_6911,1721148706,A
sn_6911,1721152906,A
sn_6911,1721180745,A
sn_6911,1721190226,A
sn_6911,1721194906,A
sn_6911,1721203065,A
sn_6911,1721204751,A
sn_6911,1721216911,A
sn_6911,1721218426,A
sn_6911,1721230306,A
sn_6911,1721246421,A
sn_6911,1721268726,A
sn_6911,1721271142,A
sn_6911,1721279146,A
sn_6911,1721352511,A
sn_6911,1721357386,A
sn_6911,1721362665,A
sn_6911,1721368906,A
sn_6911,1721377801,A
sn_6911,1721382706,A
sn_6911,1721387386,A
sn_6911,1721399026,A
sn_6911,1721401797,A
sn_6911,1721404666,A
sn_6911,1721407076,A
sn_6911,1721409946,A
sn_6911,1721422305,A
sn_6911,1721429986,A
sn_6911,1721436825,A
sn_6911,1721439946,A
sn_6911,1721448225,A
sn_6911,1721455827,A
sn_6911,1721457846,A
sn_6911,1721465056,A
sn_6911,1721467426,A
sn_6911,1721470556,A
sn_6911,1721474265,A
sn_6911,1721478225,A
sn_6911,1721480626,A
sn_6911,1721486626,A
sn_6911,1721499946,A
sn_6911,1721503185,A
sn_6911,1721508131,A
sn_6911,1721508992,A
sn_6911,1721522025,A
sn_6911,1721525395,A
sn_6911,1721529736,A
sn_6911,1721535826,A
sn_6911,1721536426,A
sn_6911,1721541111,A
sn_6911,1721543866,A
sn_6911,1721549880,A
sn_6911,1721555026,A
sn_6911,1721563065,A
sn_6911,1721571106,A
sn_6911,1721583346,A
sn_6911,1721598001,A
sn_6911,1721604137,A
sn_6911,1721610857,A
sn_6911,1721613826,A
sn_6911,1721615907,A
sn_6911,1721620426,A
sn_6911,1721622606,A
sn_6911,1721631372,A
sn_6911,1721639626,A
sn_6911,1721644786,A
sn_6911,1721653187,A
sn_6911,1721654286,A
sn_6911,1721657985,A
sn_6911,1721661225,A
sn_6911,1721661705,A
sn_6911,1721677786,A
sn_6911,1721695426,A
sn_6911,1721710466,A
sn_6911,1721715346,A
sn_6911,1721724141,A
sn_6911,1721732056,A
sn_6911,1721737791,A
sn_6911,1721738531,A
sn_6911,1721762865,A
sn_6911,1721786891,A
sn_6911,1721792265,A
sn_6911,1721797556,A
sn_6911,1721799826,A
sn_6911,1721805706,A
sn_6911,1721818931,A
sn_6911,1721830186,A
sn_6911,1721838706,A
sn_6911,1721840865,A
sn_6911,1721873026,A
sn_6911,1721881426,A
sn_6911,1721890452,A
sn_6911,1721894667,A
sn_6911,1721906025,A
sn_6911,1721909990,A
sn_6911,1721917456,A
sn_6911,1721921661,A
sn_6911,1722000991,A
sn_6911,1722005026,A
sn_6911,1722039346,A
sn_6911,1722048371,A
sn_6911,1722050996,A
sn_6911,1722063601,A
sn_6911,1722065401,A
sn_6911,1722070472,A
sn_6911,1722070587,A
sn_6911,1722075946,A
sn_6911,1722083626,A
sn_6911,1722098062,A
sn_6911,1722130711,A
sn_6911,1722135826,A
sn_6911,1722146787,A
sn_6911,1722155026,A
sn_6911,1722157665,A
sn_6911,1722160471,A
sn_6911,1722168465,A
sn_6911,1722170865,A
sn_6911,1722173505,A
sn_6911,1722179290,A
sn_6911,1722182025,A
sn_6911,1722183225,A
sn_6911,1722189705,A
sn_6911,1722209536,A
sn_6911,1722209901,A
sn_6911,1722226185,A
sn_6911,1722229665,A
sn_6911,1722243752,A
sn_6911,1722245986,A
sn_6911,1722249946,A
sn_6911,1722253185,A
sn_6911,1722266156,A
sn_6911,1722269506,A
sn_6911,1722275026,A
sn_6911,1722283186,A
sn_6911,1722287386,A
sn_6911,1722302025,A
sn_6911,1722306346,A
sn_6911,1722308911,A
sn_6911,1722319217,A
sn_6911,1722334906,A
sn_6911,1722342826,A
sn_6911,1722348586,A
sn_6911,1722364665,A
sn_6911,1722374395,A
sn_6911,1722381371,A
sn_6911,1722389156,A
sn_6911,1722394066,A
sn_6911,1722403921,A
sn_6911,1722411106,A
sn_6911,1722418665,A
sn_6911,1722422046,A
sn_6911,1722433096,A
sn_6911,1722440186,A
sn_63323,1717183650,A
sn_63323,1717186417,A
sn_63323,1717191897,A
sn_63323,1717197309,A
sn_63323,1717200055,A
sn_63323,1717205475,A
sn_63323,1717213650,A
sn_63323,1717224541,A
sn_63323,1717232716,A
sn_63323,1717240977,A
sn_63323,1717265465,A
sn_63323,1717267616,A
sn_63323,1717272056,A
sn_63323,1717278533,A
sn_63323,1717317055,A
sn_63323,1717357978,A
sn_63323,1717366289,A
sn_63323,1717377098,A
sn_63323,1717382699,A
sn_63323,1717388218,A
sn_63323,1717423613,A
sn_63323,1717445496,A
sn_63323,1717456374,A
sn_63323,1717465863,A
sn_63323,1717469463,A
sn_63323,1717497179,A
sn_63323,1717519030,A
sn_63323,1717527320,A
sn_63323,1717540896,A
sn_63323,1717549134,A
sn_63323,1717559980,A
sn_63323,1717568224,A
sn_63323,1717581823,A
sn_63323,1717614295,A
sn_63323,1717624912,A
sn_63323,1717712751,A
sn_63323,1717727555,A
sn_63323,1717745557,A
sn_63323,1717797231,A
sn_63323,1717878512,A
sn_63323,1717887111,A
sn_63323,1717909085,A
sn_63323,1717925270,A
sn_63323,1717933431,A
sn_63323,1717936192,A
sn_63323,1717938871,A
sn_63323,1717999090,A
sn_63323,1718012672,A
sn_63323,1718020838,A
sn_63323,1718048042,A
sn_63323,1718214712,A
sn_63323,1718227430,A
sn_63323,1718246871,A
sn_63323,1718249918,A
sn_63323,1718252512,A
sn_63323,1718255301,A
sn_63323,1718321875,A
sn_63323,1718508963,A
sn_63323,1718601627,A
sn_63323,1718634228,A
sn_63323,1718648074,A
sn_63323,1718669913,A
sn_63323,1718675314,A
sn_63323,1718677953,A
sn_63323,1718680835,A
sn_63323,1718683564,A
sn_63323,1718705313,A
sn_63323,1718708073,A
sn_63323,1718735313,A
sn_63323,1718751743,A
sn_63323,1718757153,A
sn_63323,1718767473,A
sn_63323,1718773558,A
sn_63323,1718778994,A
sn_63323,1718780313,A
sn_63323,1718789913,A
sn_63323,1718822987,A
sn_63323,1718844144,A
sn_63323,1718860678,A
sn_63323,1718863113,A
sn_63323,1718874229,A
sn_63323,1718882628,A
sn_63323,1718909168,A
sn_63323,1718912628,A
sn_63323,1718920804,A
sn_63323,1718928142,A
sn_63323,1718931712,A
sn_63323,1718936162,A
sn_63323,1718939167,A
sn_63323,1718941232,A
sn_63323,1718943142,A
sn_63323,1718953588,A
sn_63323,1718959833,A
sn_63323,1718964383,A
sn_63323,1718976983,A
sn_63323,1719012392,A
sn_63323,1719120632,A
sn_63323,1719146042,A
sn_63323,1719148227,A
sn_63323,1719156737,A
sn_63323,1719168867,A
sn_63323,1719172582,A
sn_63323,1719176672,A
sn_63323,1719178583,A
sn_63323,1719182507,A
sn_63323,1719184942,A
sn_63323,1719186867,A
sn_63323,1719190787,A
sn_63323,1719192732,A
sn_63323,1719194783,A
sn_63323,1719196942,A
sn_63323,1719201587,A
sn_63323,1719207107,A
sn_63323,1719209867,A
sn_63323,1719212542,A
sn_63323,1719215277,A
sn_63323,1719218042,A
sn_63323,1719226207,A
sn_63323,1719234231,A
sn_63323,1719237142,A
sn_63323,1719239867,A
sn_63323,1719242507,A
sn_63323,1719245282,A
sn_63323,1719248042,A
sn_63323,1719250687,A
sn_63323,1719251747,A
sn_63323,1719260052,A
sn_63323,1719270952,A
sn_63323,1719280592,A
sn_63323,1719296902,A
sn_63323,1719321466,A
sn_63323,1719403342,A
sn_63323,1719414347,A
sn_63323,1719417107,A
sn_63323,1719428026,A
sn_63323,1719438947,A
sn_63323,1719444377,A
sn_63323,1719479777,A
sn_63323,1719482506,A
sn_63323,1719485302,A
sn_63323,1719488027,A
sn_63323,1719490557,A
sn_63323,1719496202,A
sn_63323,1719498827,A
sn_63323,1719501632,A
sn_63323,1719507107,A
sn_63323,1719512537,A
sn_63323,1719515287,A
sn_63323,1719518027,A
sn_63323,1719520563,A
sn_63323,1719523468,A
sn_63323,1719526187,A
sn_63323,1719528872,A
sn_63323,1719537117,A
sn_63323,1719539772,A
sn_63323,1719542552,A
sn_63323,1719548027,A
sn_63323,1719572547,A
sn_63323,1719575297,A
sn_63323,1719580697,A
sn_63323,1719583447,A
sn_63323,1719588852,A
sn_63323,1719594362,A
sn_63323,1719605287,A
sn_63323,1719607942,A
sn_63323,1719610692,A
sn_63323,1719613472,A
sn_63323,1719616192,A
sn_63323,1719618847,A
sn_63323,1719621627,A
sn_63323,1719624377,A
sn_63323,1719627107,A
sn_63323,1719629762,A
sn_63323,1719632532,A
sn_63323,1719635282,A
sn_63323,1719637932,A
sn_63323,1719640687,A
sn_63323,1719643467,A
sn_63323,1719646187,A
sn_63323,1719648873,A
sn_63323,1719651622,A
sn_63323,1719654372,A
sn_63323,1719657107,A
sn_63323,1719689788,A
sn_63323,1719692537,A
sn_63323,1719697942,A
sn_63323,1719700702,A
sn_63323,1719725267,A
sn_63323,1719733427,A
sn_63323,1719736187,A
sn_63323,1719741632,A
sn_63323,1719744352,A
sn_63323,1719749792,A
sn_63323,1719752542,A
sn_63323,1719755267,A
sn_63323,1719757952,A
sn_63323,1719760707,A
sn_63323,1719763457,A
sn_63323,1719766087,A
sn_63323,1719774367,A
sn_63323,1719779778,A
sn_63323,1719782507,A
sn_63323,1719785272,A
sn_63323,1719787922,A
sn_63323,1719793427,A
sn_63323,1719796102,A
sn_63323,1719798847,A
sn_63323,1719801627,A
sn_63323,1719804362,A
sn_63323,1719806997,A
sn_63323,1719809777,A
sn_63323,1719812506,A
sn_63323,1719815272,A
sn_63323,1719817927,A
sn_63323,1719820707,A
sn_63323,1719823452,A
sn_63323,1719826102,A
sn_63323,1719828853,A
sn_63323,1719834362,A
sn_63323,1719837027,A
sn_63323,1719839777,A
sn_63323,1719863987,A
sn_63323,1719872507,A
sn_63323,1719883437,A
sn_63323,1719886087,A
sn_63323,1719891617,A
sn_63323,1719894347,A
sn_63323,1719897022,A
sn_63323,1719907922,A
sn_63323,1719910702,A
sn_63323,1719916102,A
sn_63323,1719932507,A
sn_63323,1719965167,A
sn_63323,1719975978,A
sn_63323,1719978862,A
sn_63323,1719981612,A
sn_63323,1719984347,A
sn_63323,1719989767,A
sn_63323,1720006112,A
sn_63323,1720008862,A
sn_63323,1720022522,A
sn_63323,1720025182,A
sn_63323,1720027932,A
sn_63323,1720033432,A
sn_63323,1720047032,A
sn_63323,1720055167,A
sn_63323,1720057952,A
sn_63323,1720063427,A
sn_63323,1720066113,A
sn_63323,1720068867,A
sn_63323,1720082507,A
sn_63323,1720087947,A
sn_63323,1720090697,A
sn_63323,1720093427,A
sn_63323,1720098852,A
sn_63323,1720101607,A
sn_63323,1720104262,A
sn_63323,1720107017,A
sn_63323,1720109762,A
sn_63323,1720131602,A
sn_63323,1720134262,A
sn_63323,1720136987,A
sn_63323,1720142507,A
sn_63323,1720145183,A
sn_63323,1720147937,A
sn_63323,1720153347,A
sn_63323,1720156067,A
sn_63323,1720172507,A
sn_63323,1720175192,A
sn_63323,1720177942,A
sn_63323,1720180667,A
sn_63323,1720186077,A
sn_63323,1720191467,A
sn_63323,1720196987,A
sn_63323,1720199777,A
sn_63323,1720202507,A
sn_63323,1720205177,A
sn_63323,1720207907,A
sn_63323,1720210666,A
sn_63323,1720216102,A
sn_63323,1720218827,A
sn_63323,1720221587,A
sn_63323,1720224252,A
sn_63323,1720229762,A
sn_63323,1720235183,A
sn_63323,1720237907,A
sn_63323,1720240677,A
sn_63323,1720246112,A
sn_63323,1720248857,A
sn_63323,1720251587,A
sn_63323,1720257012,A
sn_63323,1720289507,A
sn_63323,1720371502,A
sn_63323,1720379757,A
sn_63323,1720382407,A
sn_63323,1720387907,A
sn_63323,1720390667,A
sn_63323,1720393352,A
sn_63323,1720396102,A
sn_63323,1720398707,A
sn_63323,1720401467,A
sn_63323,1720420667,A
sn_63323,1720423337,A
sn_63323,1720426097,A
sn_63323,1720428847,A
sn_63323,1720431467,A
sn_55965,1719684358,A
sn_55965,1719686786,A
sn_55965,1719692082,A
sn_12625,1719455272,A
sn_12625,1719457568,A
sn_12625,1719460672,A
sn_12625,1719462353,A
sn_42579,1719948767,A
sn_42579,1719970408,A
sn_42579,1720717893,A
sn_42579,1721136931,A
sn_36491,1717657694,A
sn_41224,1717260066,A
sn_41224,1717295465,A
sn_41224,1717298226,A
sn_41224,1717300976,A
sn_41224,1717303705,A
sn_41224,1717306386,A
sn_41224,1717309146,A
sn_41224,1717311886,A
sn_41224,1717358226,A
sn_41224,1718664426,A
sn_18093,1719853045,A
sn_2081,1717570942,A
sn_2081,1717573629,A
sn_2081,1717576069,A
sn_2081,1717578623,A
sn_2081,1717584509,A
sn_2081,1717587215,A
sn_2081,1717592293,A
sn_2081,1717595384,A
sn_2081,1717599707,A
sn_2081,1717605114,A
sn_2081,1717628202,A
sn_2081,1717671697,A
sn_46441,1722066606,A
sn_46441,1722097375,A
sn_32150,1720546012,A
sn_25182,1717554531,A
sn_4357,1717990480,A
sn_4357,1717993120,A
sn_4357,1717995877,A
sn_4357,1717997667,A
sn_4357,1718001027,A
sn_4357,1718006187,A
sn_48946,1717966366,A
sn_48946,1717968840,A
sn_48946,1717979503,A
sn_69110,1720423002,B
sn_14604,1717726384,A
sn_12869,1718622298,A
sn_12869,1718636698,A
sn_12869,1718647498,A
sn_12869,1718660096,A
sn_12869,1718665498,A
sn_12869,1718691653,A
sn_12869,1718789698,A
sn_12869,1718815853,A
sn_12869,1719307254,A
sn_12869,1719430498,A
sn_12869,1719465654,A
sn_12869,1719732899,A
sn_12869,1719871499,A
sn_12869,1720008299,A
sn_12869,1720166698,A
sn_12869,1720270254,A
sn_12869,1720575298,A
sn_12869,1720998299,A
sn_12869,1721064055,A
sn_12869,1721159454,A
sn_12869,1721487899,A
sn_12869,1721529299,A
sn_12869,1721556304,A
sn_12869,1721736304,A
sn_12869,1721832654,A
sn_12869,1721974854,A
sn_12869,1722027904,A
sn_12869,1722179099,A
sn_12869,1722252904,A
sn_12869,1722309654,A
sn_12869,1722328499,A
sn_12869,1722382504,A
sn_12869,1722396899,A
sn_12869,1722411304,A
sn_6952,1719858358,A
sn_6952,1719861489,A
sn_26645,1717235149,A
sn_26645,1717273586,A
sn_26645,1717321076,A
sn_26645,1717407003,A
sn_26645,1717442783,A
sn_26645,1717445441,A
sn_26645,1717492931,A
sn_26645,1717529608,A
sn_26645,1717578858,A
sn_26645,1717617296,A
sn_26645,1717701462,A
sn_26645,1717750713,A
sn_26645,1717789805,A
sn_26645,1717836640,A
sn_26645,1717873317,A
sn_26645,1717922568,A
sn_26645,1717959245,A
sn_26645,1718008495,A
sn_26645,1718047528,A
sn_26645,1718094422,A
sn_26645,1718180350,A
sn_26645,1718266277,A
sn_26645,1718302954,A
sn_26645,1718388881,A
sn_26645,1718438132,A
sn_26645,1718524059,A
sn_26645,1718609987,A
sn_26645,1718646664,A
sn_26645,1718695914,A
sn_26645,1718781841,A
sn_26645,1718818518,A
sn_26645,1718867769,A
sn_26645,1718904446,A
sn_26645,1718953696,A
sn_26645,1719039624,A
sn_26645,1719078061,A
sn_26645,1719211478,A
sn_26645,1719249916,A
sn_26645,1719297406,A
sn_26645,1719383333,A
sn_26645,1719400620,A
sn_26645,1719421771,A
sn_26645,1719469260,A
sn_26645,1719505937,A
sn_26645,1719555188,A
sn_26645,1719572475,A
sn_26645,1719590968,A
sn_26645,1719593625,A
sn_26645,1719641115,A
sn_26645,1719659728,A
sn_26645,1719677792,A
sn_26645,1719695233,A
sn_26645,1719727043,A
sn_26645,1719765480,A
sn_26645,1719812970,A
sn_26645,1719849647,A
sn_26645,1719898897,A
sn_26645,1719937335,A
sn_30174,1718598678,A
sn_30174,1718612355,A
sn_30174,1719286207,A
sn_30174,1719288906,A
sn_30174,1719293970,A
sn_30174,1719297123,A
sn_30174,1719537100,A
sn_30174,1719681583,A
sn_30174,1719684327,A
sn_44942,1717661060,A
sn_44942,1717746633,A
sn_44942,1718003351,A
sn_44942,1718088923,A
sn_44942,1718602360,A
sn_44942,1718773505,A
sn_44942,1720641007,A
sn_43258,1721175692,A
sn_44911,1720194247,A
sn_44911,1720210672,A
sn_44911,1721020607,A
sn_44911,1721710433,A
sn_44911,1721874128,A
sn_44911,1722160488,A
sn_44911,1722274974,A
sn_44911,1722310374,A
sn_44911,1722389544,A
sn_24531,1721410507,A
sn_24531,1721412756,A
sn_24531,1721426905,A
sn_11849,1720456070,A
sn_11849,1720458351,A
sn_11849,1720461348,A
sn_30905,1718702318,A
sn_28376,1721672260,A
sn_65191,1720824244,A
sn_65191,1720826976,A
sn_65191,1720829715,A
sn_65191,1720832376,A
sn_65191,1720835136,A
sn_65191,1720837896,A
sn_65191,1720840536,A
sn_65191,1720840734,A
sn_44799,1719558139,A
sn_44799,1719563836,A
sn_27088,1718135439,A
sn_27088,1718138090,A
sn_27088,1718151609,A
sn_27088,1718157251,A
sn_39549,1722433165,A
sn_23540,1719785266,A
sn_23540,1719787893,A
sn_23540,1719793418,A
sn_23540,1719795367,A
sn_23540,1719798837,A
sn_23540,1719801633,A
sn_23540,1719804348,A
sn_23540,1719840500,A
sn_23540,1719981155,A
sn_23540,1720455839,A
sn_23540,1721202892,A
sn_23540,1721279440,A
sn_23540,1721292380,A
sn_23540,1721502876,A
sn_23540,1721625396,A
sn_23540,1721653246,A
sn_23540,1722367586,A
sn_23540,1722414025,A
sn_51583,1718072604,A
sn_51583,1718075425,A
sn_51583,1718078067,A
sn_51583,1718080518,A
sn_51583,1718082802,A
sn_27388,1722190486,A
sn_27388,1722203163,A
sn_27388,1722206487,A
sn_27388,1722209566,A
sn_29693,1721590537,A
sn_29693,1722105847,A
sn_58227,1717723645,A
sn_58227,1718072720,A
sn_58227,1718361896,A
sn_58227,1718644026,A
sn_58227,1718680188,A
sn_58227,1718693402,A
sn_58227,1718704549,A
sn_58227,1719149622,A
sn_58227,1719157884,A
sn_58227,1719362388,A
sn_58227,1719705817,A
sn_58227,1719719405,A
sn_58227,1719798869,A
sn_58227,1719800905,A
sn_58227,1720091781,A
sn_58227,1720139778,A
sn_58227,1720142509,A
sn_58227,1720145207,A
sn_58227,1720319753,A
sn_58227,1720331993,A
sn_18003,1721623235,A
sn_18003,1721634162,A
sn_71900,1719806809,B
sn_71900,1719808610,B
sn_71900,1719812210,B
sn_71900,1719848454,B
sn_22883,1717764541,A
sn_22883,1717810920,A
sn_22883,1718432619,A
sn_22883,1718599031,A
sn_22883,1718607207,A
sn_22883,1718615388,A
sn_54376,1719827618,A
sn_54376,1719877687,A
sn_54376,1719880339,A
sn_54376,1719899774,A
sn_54376,1719901335,A
sn_54298,1721402037,A
sn_54298,1721405037,A
sn_54298,1721413197,A
sn_54298,1721452817,A
sn_54298,1721576548,A
sn_20203,1717790067,A
sn_20203,1718301501,A
sn_53740,1718462595,A
sn_53740,1718465138,A
sn_53740,1718468105,A
sn_53740,1718470731,A
sn_53740,1718473374,A
sn_53740,1718476135,A
sn_53740,1718478883,A
sn_53740,1718481567,A
sn_53740,1718484398,A
sn_53740,1718486942,A
sn_53740,1718489686,A
sn_53740,1718491995,A
sn_53740,1718495334,A
sn_53740,1718497629,A
sn_53740,1718503275,A
sn_53740,1718505655,A
sn_53740,1718508956,A
sn_53740,1718510578,A
sn_53740,1718513936,A
sn_53740,1718533027,A
sn_48572,1717600924,A
sn_56730,1722018779,A
sn_56730,1722104017,A
sn_56730,1722189256,A
sn_55481,1721224691,A
sn_47467,1717982699,A
sn_47467,1717985448,A
sn_47467,1717988096,A
sn_47467,1717993598,A
sn_47467,1718001799,A
sn_47467,1718007061,A
sn_47467,1718009847,A
sn_47467,1718012612,A
sn_47467,1718015436,A
sn_47467,1718020116,A
sn_47467,1718026119,A
sn_47467,1718028891,A
sn_47467,1718042698,A
sn_47467,1718044606,A
sn_26039,1718185102,A
sn_26039,1718356554,A
sn_26039,1718442280,A
sn_26039,1719213816,A
sn_26039,1719299542,A
sn_26039,1719385268,A
sn_26039,1719642446,A
sn_26039,1719813899,A
sn_26039,1719899625,A
sn_44656,1718806260,A
sn_37880,1719492948,A
sn_37880,1719503631,A
sn_37880,1719511167,A
sn_65630,1722116032,A
sn_62494,1718888028,A
sn_62494,1718896273,A
sn_62494,1718898948,A
sn_49652,1719476961,A
sn_49652,1720073876,A
sn_32791,1720507289,A
sn_45896,1719714368,A
sn_961,1718312383,A
sn_961,1718397205,A
sn_21505,1721399636,A
sn_21505,1721410468,A
sn_21505,1721423256,A
sn_21505,1721426404,A
sn_45611,1720783263,A
sn_45611,1720785147,A
sn_45611,1720812147,A
sn_45611,1720828324,A
sn_57673,1718557583,A
sn_46201,1717399135,A
sn_46201,1717524588,A
sn_60034,1722116658,A
sn_48075,1717224583,A
sn_48075,1717243663,A
sn_48075,1717262753,A
sn_48075,1717265524,A
sn_48075,1717268253,A
sn_48075,1717273698,A
sn_48075,1717298178,A
sn_48075,1717309093,A
sn_48075,1717322774,A
sn_48075,1717328168,A
sn_48075,1717344603,A
sn_48075,1717349993,A
sn_48075,1717355493,A
sn_48075,1717358179,A
sn_48075,1717360938,A
sn_48075,1717363698,A
sn_48075,1717366423,A
sn_48075,1717393693,A
sn_48075,1717396423,A
sn_48075,1717399098,A
sn_48075,1717431858,A
sn_48075,1717440019,A
sn_48075,1717442738,A
sn_48075,1717464598,A
sn_48075,1717470008,A
sn_48075,1717489098,A
sn_48075,1717491853,A
sn_48075,1717500019,A
sn_48075,1717505503,A
sn_48075,1717510938,A
sn_48075,1717513683,A
sn_48075,1717527259,A
sn_48075,1717551838,A
sn_48075,1717554588,A
sn_48075,1717578133,A
sn_48075,1717630848,A
sn_48075,1717647298,A
sn_48075,1717682698,A
sn_48075,1717704538,A
sn_48075,1717752178,A
sn_48075,1717759103,A
sn_48075,1717764538,A
sn_48075,1717772693,A
sn_48075,1717778203,A
sn_48075,1717800013,A
sn_48075,1717805458,A
sn_48075,1717810858,A
sn_48075,1717813618,A
sn_48075,1717879093,A
sn_48075,1717887278,A
sn_48075,1717898188,A
sn_48075,1717909098,A
sn_48075,1717930853,A
sn_48075,1717933618,A
sn_48075,1717947263,A
sn_48075,1717949928,A
sn_48075,1717955453,A
sn_48075,1717979938,A
sn_48075,1718266333,A
sn_48075,1718269018,A
sn_48075,1718271778,A
sn_48075,1718299008,A
sn_48075,1718320858,A
sn_48075,1718323603,A
sn_48075,1718334508,A
sn_48075,1718337178,A
sn_48075,1718369423,A
sn_48075,1718388853,A
sn_48075,1718485958,A
sn_48075,1718489923,A
sn_48075,1719408883,A
sn_48075,1719411653,A
sn_48075,1719422533,A
sn_48075,1720041613,A
sn_48075,1720049788,A
sn_48075,1720052438,A
sn_48075,1720057968,A
sn_48075,1720071503,A
sn_48075,1720117963,A
sn_48075,1720167048,A
sn_48075,1720169783,A
sn_48075,1720183333,A
sn_48075,1720843213,A
sn_48075,1720851533,A
sn_48075,1720854253,A
sn_48075,1720856893,A
sn_48075,1720900598,A
sn_48075,1721189653,A
sn_48075,1721424178,A
sn_48075,1721443248,A
sn_48075,1721582338,A
sn_48075,1721707738,A
sn_48075,1721797738,A
sn_48075,1721808658,A
sn_48075,1721819578,A
sn_48075,1721825068,A
sn_48075,1721846818,A
sn_48075,1721849578,A
sn_48075,1721882338,A
sn_48075,1721887739,A
sn_48075,1721890498,A
sn_48075,1721893243,A
sn_48075,1721898658,A
sn_48075,1722154978,A
sn_48075,1722239573,A
sn_48075,1722242303,A
sn_48075,1722244978,A
sn_48075,1722250483,A
sn_48075,1722272298,A
sn_48075,1722302293,A
sn_48075,1722304978,A
sn_48075,1722307738,A
sn_48075,1722332293,A
sn_48075,1722340473,A
sn_48075,1722367738,A
sn_48075,1722370463,A
sn_48075,1722408643,A
sn_48075,1722422218,A
sn_48075,1722424978,A
sn_48075,1722427738,A
sn_48075,1722430458,A
sn_71766,1721730125,B
sn_11443,1717279109,A
sn_11443,1720068755,A
sn_11443,1720104275,A
sn_11443,1720278845,A
sn_11443,1720330596,A
sn_11443,1720442311,A
sn_11443,1720709665,A
sn_11443,1722163200,A
sn_63409,1717194361,A
sn_63409,1717245316,A
sn_63409,1717327760,A
sn_63409,1717384801,A
sn_63409,1717409626,A
sn_63409,1717510756,A
sn_63409,1717554581,A
sn_63409,1717575701,A
sn_63409,1717581336,A
sn_63409,1717624685,A
sn_63409,1717690667,A
sn_63409,1717944107,A
sn_63409,1717965827,A
sn_63409,1717973053,A
sn_63409,1718034467,A
sn_63409,1718036413,A
sn_63409,1718045387,A
sn_63409,1718233477,A
sn_63409,1718342672,A
sn_63409,1718400992,A
sn_63409,1718472782,A
sn_63409,1718491832,A
sn_63409,1718504912,A
sn_63409,1718528117,A
sn_63409,1718538992,A
sn_63409,1718571652,A
sn_63409,1718578952,A
sn_63409,1718586872,A
sn_63409,1718593472,A
sn_63409,1718611597,A
sn_63409,1718641137,A
sn_63409,1718655652,A
sn_63409,1718669677,A
sn_63409,1718674472,A
sn_63409,1718682992,A
sn_63409,1718686257,A
sn_63409,1718726677,A
sn_63409,1718729922,A
sn_63409,1718735072,A
sn_63409,1718737712,A
sn_63409,1718778642,A
sn_63409,1718791832,A
sn_63409,1718797862,A
sn_63409,1718830592,A
sn_63409,1718837792,A
sn_63409,1718844032,A
sn_63409,1718863477,A
sn_63409,1718876687,A
sn_63409,1718881592,A
sn_63409,1718887832,A
sn_63409,1718913652,A
sn_63409,1718920252,A
sn_63409,1718927312,A
sn_63409,1719239827,A
sn_63409,1719242107,A
sn_63409,1719256112,A
sn_63409,1719280477,A
sn_63409,1719288297,A
sn_63409,1719324392,A
sn_63409,1719331952,A
sn_63409,1719334952,A
sn_63409,1719354192,A
sn_63409,1719364832,A
sn_63409,1719367962,A
sn_63409,1719372512,A
sn_63409,1719384032,A
sn_63409,1719395197,A
sn_63409,1719397352,A
sn_63409,1719403127,A
sn_63409,1719405632,A
sn_63409,1719419792,A
sn_63409,1719438752,A
sn_63409,1719441392,A
sn_63409,1719473682,A
sn_63409,1719479682,A
sn_63409,1719482457,A
sn_63409,1719485192,A
sn_63409,1719512227,A
sn_63409,1719520352,A
sn_63409,1719525152,A
sn_63409,1719577237,A
sn_63409,1719626712,A
sn_63409,1719637472,A
sn_63409,1719640352,A
sn_63409,1719665077,A
sn_63409,1719681032,A
sn_63409,1719692552,A
sn_63409,1719710672,A
sn_63409,1719800837,A
sn_63409,1719820497,A
sn_63409,1719826142,A
sn_63409,1719842432,A
sn_63409,1719846277,A
sn_63409,1719850592,A
sn_63409,1719855032,A
sn_63409,1719861512,A
sn_63409,1719883352,A
sn_63409,1719902072,A
sn_63409,1719921392,A
sn_63409,1719926312,A
sn_63409,1719946112,A
sn_63409,1719948632,A
sn_63409,1719975272,A
sn_63409,1720014272,A
sn_63409,1720016192,A
sn_63409,1720018112,A
sn_63409,1720030002,A
sn_63409,1720056872,A
sn_63409,1720068512,A
sn_63409,1720084112,A
sn_63409,1720097952,A
sn_63409,1720108852,A
sn_63409,1720112207,A
sn_63409,1720120232,A
sn_63409,1720128872,A
sn_63409,1720141472,A
sn_63409,1720153352,A
sn_63409,1720156117,A
sn_63409,1720158632,A
sn_63409,1720166597,A
sn_63409,1720193702,A
sn_63409,1720207592,A
sn_63409,1720212392,A
sn_63409,1720281077,A
sn_63409,1720322442,A
sn_63409,1720333027,A
sn_63409,1720346672,A
sn_63409,1720363112,A
sn_63409,1720365152,A
sn_63409,1720376672,A
sn_63409,1720403587,A
sn_63409,1720447472,A
sn_63409,1720456112,A
sn_63409,1720482632,A
sn_63409,1720513232,A
sn_63409,1720575752,A
sn_63409,1720580912,A
sn_63409,1720583912,A
sn_63409,1720638152,A
sn_63409,1720641282,A
sn_63409,1720644032,A
sn_63409,1720652432,A
sn_63409,1720656872,A
sn_63409,1720683912,A
sn_63409,1720704032,A
sn_63409,1720706672,A
sn_63409,1720712102,A
sn_63409,1720728177,A
sn_63409,1720769552,A
sn_63409,1720785272,A
sn_63409,1720791187,A
sn_63409,1720805072,A
sn_63409,1720810112,A
sn_63409,1720812412,A
sn_63409,1720818392,A
sn_63409,1720826672,A
sn_63409,1720836787,A
sn_63409,1720909832,A
sn_63409,1720912112,A
sn_63409,1720962277,A
sn_63409,1720968152,A
sn_63409,1720971392,A
sn_63409,1721014592,A
sn_63409,1721066827,A
sn_63409,1721083232,A
sn_63409,1721093912,A
sn_63409,1721095952,A
sn_63409,1721164472,A
sn_63409,1721193872,A
sn_63409,1721331412,A
sn_63409,1721383832,A
sn_63409,1721426312,A
sn_63409,1721516237,A
sn_63409,1721559872,A
sn_63409,1721611757,A
sn_63409,1721647472,A
sn_63409,1721658512,A
sn_63409,1721665747,A
sn_63409,1721693927,A
sn_54514,1719220787,A
sn_54514,1719378953,A
sn_54514,1720027957,A
sn_54514,1720033430,A
sn_54514,1720259770,A
sn_54514,1720464271,A
sn_54514,1720747903,A
sn_54514,1720796992,A
sn_54514,1720805173,A
sn_54514,1720966065,A
sn_54514,1721154230,A
sn_54514,1721156910,A
sn_54514,1721165072,A
sn_54514,1721203312,A
sn_54514,1721579638,A
sn_54514,1721748713,A
sn_54514,1721808708,A
sn_42792,1718721743,A
sn_42792,1721904101,A
sn_42792,1721917728,A
sn_42792,1722368834,A
sn_66189,1718102695,B
sn_66189,1718105281,B
sn_59185,1717652713,A
sn_59185,1717654267,A
sn_59185,1717657275,A
sn_59185,1717669021,A
sn_59185,1717671007,A
sn_59185,1717673710,A
sn_32825,1718244374,A
sn_32825,1718522669,A
sn_32825,1718558089,A
sn_32825,1718653499,A
sn_32825,1718759903,A
sn_32825,1718789459,A
sn_32825,1718800829,A
sn_32825,1718809004,A
sn_32825,1718847179,A
sn_32825,1718852574,A
sn_32825,1718858094,A
sn_32825,1718871659,A
sn_32825,1718885324,A
sn_32825,1718901618,A
sn_32825,1718915293,A
sn_32825,1718941130,A
sn_32825,1718945204,A
sn_32825,1718949539,A
sn_32825,1718960444,A
sn_32825,1718964410,A
sn_32825,1718972459,A
sn_32825,1718974499,A
sn_32825,1718985754,A
sn_32825,1718987820,A
sn_32825,1718989860,A
sn_32825,1718993810,A
sn_32825,1718995969,A
sn_32825,1718998134,A
sn_32825,1719005089,A
sn_32825,1719007494,A
sn_32825,1719012180,A
sn_32825,1719014324,A
sn_32825,1719018300,A
sn_32825,1719020174,A
sn_32825,1719024263,A
sn_32825,1719026219,A
sn_32825,1719028494,A
sn_32825,1719032460,A
sn_32825,1719035189,A
sn_32825,1719037489,A
sn_32825,1719039534,A
sn_32825,1719041699,A
sn_32825,1719056939,A
sn_32825,1719059324,A
sn_32825,1719061494,A
sn_32825,1719063644,A
sn_32825,1719065814,A
sn_32825,1719070740,A
sn_32825,1719073020,A
sn_32825,1719084054,A
sn_32825,1719094609,A
sn_32825,1719100260,A
sn_32825,1719102179,A
sn_32825,1719106244,A
sn_32825,1719108149,A
sn_32825,1719110099,A
sn_32825,1719114294,A
sn_32825,1719118019,A
sn_32825,1719121844,A
sn_32825,1719123983,A
sn_32825,1719130604,A
sn_32825,1719133019,A
sn_32825,1719135159,A
sn_32825,1719141059,A
sn_32825,1719149700,A
sn_32825,1719156415,A
sn_32825,1719160719,A
sn_32825,1719161100,A
sn_32825,1719165624,A
sn_32825,1719168059,A
sn_32825,1719170214,A
sn_32825,1719173809,A
sn_32825,1719176094,A
sn_32825,1719178134,A
sn_32825,1719181974,A
sn_32825,1719184015,A
sn_32825,1719186180,A
sn_32825,1719190364,A
sn_35951,1717298202,A
sn_35951,1717303700,A
sn_35951,1717311886,A
sn_35951,1717330972,A
sn_35951,1717350058,A
sn_35951,1717352790,A
sn_35951,1717363681,A
sn_35951,1717369131,A
sn_35951,1717701761,A
sn_35951,1717710024,A
sn_35951,1717720928,A
sn_35951,1717730349,A
sn_35951,1717732505,A
sn_35951,1717737186,A
sn_35951,1717739203,A
sn_35951,1717753614,A
sn_35951,1717756020,A
sn_35951,1717819105,A
sn_35951,1717824529,A
sn_35951,1717903611,A
sn_35951,1717906360,A
sn_35951,1717985437,A
sn_35951,1718004510,A
sn_35951,1718015452,A
sn_35951,1718023611,A
sn_35951,1718029075,A
sn_35951,1718080844,A
sn_35951,1718083611,A
sn_35951,1718090084,A
sn_35951,1718097262,A
sn_35951,1718102686,A
sn_35951,1718110862,A
sn_35951,1718113611,A
sn_35951,1718121758,A
sn_35951,1718124530,A
sn_35951,1718135434,A
sn_35951,1718214284,A
sn_35951,1718219925,A
sn_35951,1718279936,A
sn_35951,1718429927,A
sn_35951,1718457151,A
sn_35951,1718492674,A
sn_35951,1718498087,A
sn_35951,1718509007,A
sn_35951,1718541764,A
sn_35951,1718547167,A
sn_35951,1718560840,A
sn_35951,1718601752,A
sn_35951,1718615388,A
sn_35951,1718634480,A
sn_35951,1718642656,A
sn_35951,1718737719,A
sn_35951,1718754470,A
sn_35951,1718768085,A
sn_35951,1718781739,A
sn_35951,1718789918,A
sn_35951,1718860821,A
sn_35951,1718871727,A
sn_35951,1718942629,A
sn_35951,1718944959,A
sn_35951,1718947001,A
sn_35951,1718949054,A
sn_35951,1718953481,A
sn_35951,1718955635,A
sn_35951,1718957806,A
sn_35951,1718961651,A
sn_35951,1718965863,A
sn_35951,1718969895,A
sn_35951,1718972347,A
sn_35951,1718974486,A
sn_35951,1718976400,A
sn_35951,1718980482,A
sn_35951,1718982409,A
sn_35951,1718984455,A
sn_35951,1718988656,A
sn_35951,1718990932,A
sn_35951,1718992959,A
sn_35951,1718997165,A
sn_35951,1718999450,A
sn_35951,1719003513,A
sn_35951,1719007500,A
sn_35951,1719009768,A
sn_35951,1719011802,A
sn_35951,1719015773,A
sn_35951,1719017690,A
sn_35951,1719021712,A
sn_35951,1719023811,A
sn_35951,1719026203,A
sn_35951,1719031008,A
sn_35951,1719035197,A
sn_35951,1719039526,A
sn_35951,1719041678,A
sn_35951,1719050083,A
sn_35951,1719053921,A
sn_35951,1719059696,A
sn_35951,1719063642,A
sn_35951,1719067840,A
sn_35951,1719070008,A
sn_35951,1719072288,A
sn_35951,1719074324,A
sn_35951,1719092204,A
sn_35951,1719096034,A
sn_35951,1719102285,A
sn_35951,1719108893,A
sn_35951,1719110931,A
sn_35951,1719115248,A
sn_35951,1719119426,A
sn_35951,1719121245,A
sn_35951,1719127851,A
sn_35951,1719132403,A
sn_35951,1719134447,A
sn_35951,1719138972,A
sn_35951,1719149699,A
sn_35951,1719151605,A
sn_35951,1719164325,A
sn_35951,1719168971,A
sn_35951,1719171273,A
sn_35951,1719175486,A
sn_35951,1719179881,A
sn_35951,1719182211,A
sn_35951,1719192529,A
sn_35951,1719196143,A
sn_35951,1719264406,A
sn_35951,1719269873,A
sn_35951,1719340719,A
sn_35951,1719351651,A
sn_35951,1719359864,A
sn_35951,1719362559,A
sn_35951,1719370724,A
sn_35951,1719376225,A
sn_35951,1719667956,A
sn_35951,1719703464,A
sn_35951,1719725280,A
sn_35951,1719932534,A
sn_35951,1719937960,A
sn_35951,1719962515,A
sn_35951,1719970705,A
sn_35951,1720014343,A
sn_35951,1720019794,A
sn_35951,1720109783,A
sn_35951,1720199778,A
sn_35951,1720202507,A
sn_35951,1720303367,A
sn_35951,1720368850,A
sn_35951,1720382447,A
sn_35951,1720407031,A
sn_35951,1720412458,A
sn_35951,1720589687,A
sn_35951,1720636090,A
sn_35951,1721385947,A
sn_18892,1721811139,A
sn_18892,1721846476,A
sn_63180,1721413131,A
sn_18254,1722065014,A
sn_59362,1718620839,A
sn_59362,1718849915,A
sn_59362,1719635290,A
sn_59362,1719684372,A
sn_59362,1721713261,A
sn_59362,1721718687,A
sn_59362,1721751429,A
sn_59362,1721797770,A
sn_59362,1721863248,A
sn_59362,1721882335,A
sn_59362,1721983236,A
sn_67737,1719228190,B
sn_67737,1719242591,B
sn_67737,1719258791,B
sn_67737,1719261491,B
sn_67737,1719267079,B
sn_67737,1719283091,B
sn_67737,1719288491,B
sn_67737,1719293890,B
sn_33016,1718764583,A
sn_31849,1718549590,A
sn_56093,1717813224,A
sn_56093,1719201296,A
sn_56093,1719206783,A
sn_56093,1719384381,A
sn_56093,1719389794,A
sn_7885,1720597885,A
sn_7885,1720600593,A
sn_24154,1717382318,A
sn_46975,1717611793,A
sn_46975,1717614307,A
sn_46975,1717620895,A
sn_1147,1720188844,A
sn_1147,1720569228,A
sn_62785,1717325461,A
sn_62785,1717546405,A
sn_62785,1717560034,A
sn_62785,1717717823,A
sn_30254,1719155381,A
sn_30254,1719210164,A
sn_30254,1719239940,A
sn_30254,1719294723,A
sn_30254,1719379281,A
sn_30254,1719548398,A
sn_30254,1719578173,A
sn_30254,1719717514,A
sn_30254,1719747290,A
sn_30254,1720224865,A
sn_30254,1720309423,A
sn_30254,1720393981,A
sn_30254,1720478540,A
sn_30254,1720761990,A
sn_30254,1720846548,A
sn_30254,1720931106,A
sn_30254,1721015665,A
sn_30254,1721100223,A
sn_30254,1721184782,A
sn_30254,1721269340,A
sn_30254,1721353898,A
sn_30254,1721523015,A
sn_30254,1721692132,A
sn_796,1718037224,A
sn_796,1718039988,A
sn_796,1718042401,A
sn_796,1718045265,A
sn_796,1718046965,A
sn_796,1718050423,A
sn_796,1718056175,A
sn_796,1718061210,A
sn_796,1718069621,A
sn_796,1718099919,A
sn_42645,1717180906,A
sn_42645,1717183677,A
sn_42645,1717210906,A
sn_42645,1717213666,A
sn_42645,1717240941,A
sn_42645,1717393666,A
sn_42645,1717467106,A
sn_42645,1717472776,A
sn_42645,1717476946,A
sn_42645,1717480947,A
sn_42645,1717483686,A
sn_42645,1717491586,A
sn_42645,1717519066,A
sn_42645,1717573551,A
sn_42645,1717679868,A
sn_42645,1717709970,A
sn_42645,1717783654,A
sn_42645,1717791810,A
sn_42645,1717794478,A
sn_42645,1717797243,A
sn_42645,1717805378,A
sn_42645,1717829885,A
sn_42645,1717887257,A
sn_42645,1717898171,A
sn_42645,1717905929,A
sn_42645,1717908715,A
sn_42645,1717966289,A
sn_42645,1718075135,A
sn_42645,1718083545,A
sn_42645,1718086207,A
sn_42645,1718090047,A
sn_42645,1718102654,A
sn_42645,1718103095,A
sn_42645,1718140680,A
sn_42645,1718143447,A
sn_42645,1718146335,A
sn_42645,1718148469,A
sn_42645,1718157240,A
sn_42645,1718162144,A
sn_42645,1718168161,A
sn_42645,1718194550,A
sn_42645,1718197929,A
sn_42645,1718200889,A
sn_42645,1718210744,A
sn_42645,1718222261,A
sn_42645,1718225026,A
sn_42645,1718236326,A
sn_42645,1718237765,A
sn_42645,1718241720,A
sn_42645,1718243761,A
sn_42645,1718248889,A
sn_42645,1718257529,A
sn_42645,1718269050,A
sn_42645,1718271690,A
sn_42645,1718277243,A
sn_42645,1718278889,A
sn_42645,1718286929,A
sn_42645,1718304495,A
sn_42645,1718306874,A
sn_42645,1718394453,A
sn_42645,1718478941,A
sn_42645,1718481699,A
sn_42645,1718484464,A
sn_42645,1718487214,A
sn_42645,1718489891,A
sn_42645,1718492623,A
sn_42645,1718495385,A
sn_42645,1718498131,A
sn_42645,1718500780,A
sn_42645,1718503540,A
sn_42645,1718506301,A
sn_42645,1718508945,A
sn_42645,1718514461,A
sn_42645,1718515659,A
sn_42645,1718519860,A
sn_42645,1718522626,A
sn_42645,1718525379,A
sn_42645,1718528129,A
sn_42645,1718530781,A
sn_42645,1718533540,A
sn_42645,1718536300,A
sn_42645,1718537873,A
sn_42645,1718541700,A
sn_42645,1718544458,A
sn_42645,1718547211,A
sn_42645,1718549860,A
sn_42645,1718552617,A
sn_42645,1718555381,A
sn_42645,1718558020,A
sn_42645,1718560781,A
sn_42645,1718563554,A
sn_42645,1718721717,A
sn_42645,1718735366,A
sn_42645,1718737092,A
sn_42645,1718740166,A
sn_42645,1718742603,A
sn_42645,1718746287,A
sn_42645,1718746768,A
sn_42645,1718762398,A
sn_42645,1718770808,A
sn_42645,1718783530,A
sn_42645,1718787126,A
sn_42645,1718795367,A
sn_42645,1718798029,A
sn_42645,1718800770,A
sn_42645,1718803179,A
sn_42645,1718806207,A
sn_42645,1718807488,A
sn_42645,1718811087,A
sn_42645,1718817108,A
sn_42645,1718837729,A
sn_42645,1718854167,A
sn_42645,1718860784,A
sn_42645,1718862489,A
sn_42645,1718868826,A
sn_42645,1718870409,A
sn_42645,1718874448,A
sn_42645,1718877120,A
sn_42645,1718879848,A
sn_42645,1718887768,A
sn_42645,1718890809,A
sn_42645,1718920801,A
sn_42645,1718923526,A
sn_42645,1718931706,A
sn_42645,1718933608,A
sn_42645,1718957044,A
sn_42645,1718965552,A
sn_42645,1718969414,A
sn_42645,1718971215,A
sn_42645,1718973328,A
sn_42645,1718977428,A
sn_42645,1718979722,A
sn_42645,1718987727,A
sn_42645,1718996737,A
sn_42645,1718998567,A
sn_42645,1719004927,A
sn_42645,1719046083,A
sn_42645,1719056968,A
sn_42645,1719059167,A
sn_42645,1719061572,A
sn_42645,1719063611,A
sn_42645,1719067556,A
sn_42645,1719073056,A
sn_42645,1719088409,A
sn_42645,1719090603,A
sn_42645,1719094647,A
sn_42645,1719121438,A
sn_42645,1719138968,A
sn_42645,1719141492,A
sn_42645,1719146168,A
sn_42645,1719160410,A
sn_42645,1719172906,A
sn_42645,1719187562,A
sn_42645,1719189733,A
sn_42645,1719192126,A
sn_42645,1719196087,A
sn_42645,1719198249,A
sn_42645,1719201566,A
sn_42645,1719209856,A
sn_42645,1719212516,A
sn_42645,1719218048,A
sn_42645,1719226165,A
sn_42645,1719231685,A
sn_42645,1719236857,A
sn_42645,1719258964,A
sn_42645,1719264208,A
sn_42645,1719272527,A
sn_42645,1719274891,A
sn_42645,1719278006,A
sn_42645,1719280777,A
sn_42645,1719283418,A
sn_42645,1719496201,A
sn_42645,1719504371,A
sn_42645,1719509845,A
sn_42645,1719513011,A
sn_42645,1719569365,A
sn_42645,1719572485,A
sn_42645,1719577646,A
sn_42645,1719591592,A
sn_42645,1719594003,A
sn_42645,1719595646,A
sn_42645,1719605292,A
sn_42645,1719624342,A
sn_42645,1719629726,A
sn_42645,1719646165,A
sn_42645,1719648926,A
sn_42645,1719659726,A
sn_42645,1719662246,A
sn_42645,1719670437,A
sn_42645,1719681577,A
sn_42645,1719682547,A
sn_42645,1719687096,A
sn_42645,1719700646,A
sn_42645,1719708853,A
sn_42645,1719740965,A
sn_42645,1719744361,A
sn_42645,1719760452,A
sn_42645,1719782531,A
sn_42645,1719791366,A
sn_42645,1719853448,A
sn_42645,1719861566,A
sn_42645,1719864345,A
sn_42645,1719867006,A
sn_42645,1719869607,A
sn_42645,1719872276,A
sn_42645,1719894351,A
sn_42645,1719899736,A
sn_42645,1719902516,A
sn_42645,1719905247,A
sn_42645,1719910687,A
sn_42645,1719913408,A
sn_42645,1720022512,A
sn_42645,1720025246,A
sn_42645,1720027765,A
sn_42645,1720030646,A
sn_42645,1720033409,A
sn_42645,1720036066,A
sn_42645,1720049742,A
sn_42645,1720052506,A
sn_42645,1720055247,A
sn_42645,1720060677,A
sn_42645,1720066078,A
sn_42645,1720071583,A
sn_42645,1720074326,A
sn_42645,1720076971,A
sn_42645,1720079754,A
sn_42645,1720085138,A
sn_42645,1720087923,A
sn_42645,1720090646,A
sn_42645,1720093410,A
sn_42645,1720096093,A
sn_42645,1720098818,A
sn_42645,1720101603,A
sn_42645,1720104331,A
sn_42645,1720106992,A
sn_42645,1720112501,A
sn_42645,1720115167,A
sn_42645,1720117892,A
sn_42645,1720120677,A
sn_42645,1720123408,A
sn_42645,1720126062,A
sn_42645,1720134326,A
sn_42645,1720139748,A
sn_42645,1720145166,A
sn_42645,1720147919,A
sn_42645,1720158817,A
sn_42645,1720161602,A
sn_42645,1720164326,A
sn_42645,1720167011,A
sn_42645,1720172501,A
sn_42645,1720175167,A
sn_42645,1720177901,A
sn_42645,1720180686,A
sn_42645,1720186072,A
sn_42645,1720188733,A
sn_42645,1720194326,A
sn_42645,1720196966,A
sn_42645,1720199747,A
sn_42645,1720202485,A
sn_42645,1720205130,A
sn_42645,1720207916,A
sn_42645,1720210646,A
sn_42645,1720213409,A
sn_42645,1720218812,A
sn_42645,1720221592,A
sn_42645,1720226986,A
sn_42645,1720232497,A
sn_42645,1720235156,A
sn_42645,1720240666,A
sn_42645,1720246093,A
sn_42645,1720248838,A
sn_42645,1720254228,A
sn_42645,1720262491,A
sn_42645,1720265153,A
sn_42645,1720267907,A
sn_42645,1720270662,A
sn_42645,1720276046,A
sn_42645,1720278807,A
sn_42645,1720281567,A
sn_42645,1720284254,A
sn_42645,1720286996,A
sn_42645,1720292490,A
sn_42645,1720295166,A
sn_42645,1720297887,A
sn_42645,1720346976,A
sn_42645,1720349747,A
sn_42645,1720366046,A
sn_42645,1720390645,A
sn_42645,1720404248,A
sn_42645,1720406992,A
sn_42645,1720409757,A
sn_42645,1720412485,A
sn_42645,1720415161,A
sn_42645,1720417887,A
sn_42645,1720426052,A
sn_42645,1720428832,A
sn_42645,1720434219,A
sn_42645,1720436997,A
sn_42645,1720439727,A
sn_42645,1720442387,A
sn_42645,1720458812,A
sn_42645,1720491567,A
sn_42645,1720502388,A
sn_42645,1720505141,A
sn_42645,1720507776,A
sn_42645,1720510646,A
sn_42645,1720513306,A
sn_42645,1720516072,A
sn_42645,1720518816,A
sn_42645,1720521476,A
sn_42645,1720524244,A
sn_42645,1720537887,A
sn_42645,1720540650,A
sn_42645,1720543286,A
sn_42645,1720546062,A
sn_42645,1720551487,A
sn_42645,1720554233,A
sn_42645,1720559727,A
sn_42645,1720562402,A
sn_42645,1720567897,A
sn_42645,1720570645,A
sn_42645,1720573296,A
sn_42645,1720576078,A
sn_42645,1720581455,A
sn_42645,1720592412,A
sn_42645,1720595140,A
sn_42645,1720597922,A
sn_42645,1720600644,A
sn_42645,1720622408,A
sn_42645,1720636062,A
sn_42645,1720641470,A
sn_42645,1720646976,A
sn_42645,1720649726,A
sn_42645,1720655129,A
sn_42645,1720657886,A
sn_42645,1720660526,A
sn_42645,1720663310,A
sn_42645,1720668818,A
sn_42645,1720671480,A
sn_42645,1720676986,A
sn_42645,1720679726,A
sn_42645,1720682372,A
sn_42645,1720685161,A
sn_42645,1720690547,A
sn_42645,1720696057,A
sn_42645,1720698807,A
sn_42645,1720706771,A
sn_42645,1720728807,A
sn_42645,1720731471,A
sn_42645,1720734222,A
sn_42645,1720742371,A
sn_42645,1720761455,A
sn_42645,1720766965,A
sn_42645,1720769623,A
sn_42645,1720772407,A
sn_42645,1720775129,A
sn_42645,1720777785,A
sn_42645,1720799638,A
sn_42645,1720805151,A
sn_42645,1720807887,A
sn_42645,1720810538,A
sn_42645,1720813320,A
sn_42645,1720816046,A
sn_42645,1720818807,A
sn_42645,1720824218,A
sn_42645,1720826986,A
sn_42645,1720829652,A
sn_42645,1720832392,A
sn_42645,1720835156,A
sn_42645,1720840563,A
sn_42645,1720848712,A
sn_42645,1720851461,A
sn_42645,1720854250,A
sn_42645,1720856971,A
sn_42645,1720862387,A
sn_42645,1720870557,A
sn_42645,1720878723,A
sn_42645,1720881491,A
sn_42645,1720900568,A
sn_42645,1720903332,A
sn_42645,1720922292,A
sn_42645,1720930531,A
sn_42645,1720974244,A
sn_42645,1720976965,A
sn_42645,1720982381,A
sn_42645,1720985007,A
sn_42645,1721105144,A
sn_42645,1721110572,A
sn_42645,1721115446,A
sn_42645,1721118732,A
sn_42645,1721124218,A
sn_42645,1721126725,A
sn_42645,1721129605,A
sn_42645,1721135139,A
sn_42645,1721135491,A
sn_42645,1721142728,A
sn_42645,1721156246,A
sn_42645,1721203934,A
sn_42645,1721208733,A
sn_42645,1721216894,A
sn_42645,1721238708,A
sn_42645,1721244211,A
sn_42645,1721252371,A
sn_42645,1721255125,A
sn_42645,1721260543,A
sn_42645,1721263285,A
sn_42645,1721265937,A
sn_42645,1721268722,A
sn_42645,1721271447,A
sn_42645,1721274208,A
sn_42645,1721279617,A
sn_42645,1721282398,A
sn_42645,1721287791,A
sn_42645,1721293300,A
sn_42645,1721295965,A
sn_42645,1721298733,A
sn_42645,1721301472,A
sn_42645,1721315038,A
sn_42645,1721347811,A
sn_42645,1721353198,A
sn_42645,1721355926,A
sn_42645,1721361477,A
sn_42645,1721364208,A
sn_42645,1721366874,A
sn_42645,1721372382,A
sn_42645,1721375053,A
sn_42645,1721377765,A
sn_42645,1721383285,A
sn_42645,1721385936,A
sn_42645,1721388207,A
sn_42645,1721394085,A
sn_42645,1721399612,A
sn_42645,1721432371,A
sn_42645,1721462377,A
sn_42645,1721467805,A
sn_42645,1721475567,A
sn_42645,1721483726,A
sn_42645,1721486727,A
sn_42645,1721495053,A
sn_42645,1721496126,A
sn_42645,1721516880,A
sn_42645,1721527811,A
sn_42645,1721552366,A
sn_42645,1721563212,A
sn_42645,1721576879,A
sn_42645,1721579630,A
sn_42645,1721582367,A
sn_42645,1721585007,A
sn_42645,1721593187,A
sn_42645,1721598693,A
sn_42645,1721609635,A
sn_42645,1721638885,A
sn_42645,1721644923,A
sn_42645,1721650432,A
sn_42645,1721655953,A
sn_42645,1721658686,A
sn_42645,1721664125,A
sn_42645,1721677807,A
sn_42645,1721680405,A
sn_42645,1721685328,A
sn_42645,1721711656,A
sn_42645,1721743199,A
sn_42645,1721748687,A
sn_42645,1721751374,A
sn_42645,1721784105,A
sn_42645,1721786848,A
sn_42645,1721863214,A
sn_42645,1721887782,A
sn_42645,1721890445,A
sn_42645,1721909606,A
sn_42645,1721912272,A
sn_42645,1721917781,A
sn_42645,1721928696,A
sn_42645,1721950452,A
sn_42645,1721974767,A
sn_42645,1722007766,A
sn_42645,1722010422,A
sn_42645,1722024120,A
sn_42645,1722026848,A
sn_42645,1722034885,A
sn_42645,1722043213,A
sn_42645,1722045925,A
sn_42645,1722114131,A
sn_42645,1722127766,A
sn_42645,1722130441,A
sn_42645,1722133203,A
sn_42645,1722138581,A
sn_42645,1722141339,A
sn_42645,1722144096,A
sn_42645,1722145887,A
sn_42645,1722149529,A
sn_42645,1722160407,A
sn_42645,1722165939,A
sn_42645,1722181058,A
sn_42645,1722192327,A
sn_42645,1722198612,A
sn_42645,1722204121,A
sn_42645,1722217695,A
sn_42645,1722264098,A
sn_42645,1722272279,A
sn_42645,1722274886,A
sn_42645,1722288606,A
sn_42645,1722294109,A
sn_42645,1722307695,A
sn_42645,1722315925,A
sn_42645,1722318565,A
sn_42645,1722337690,A
sn_42645,1722351373,A
sn_42645,1722354097,A
sn_42645,1722356762,A
sn_42645,1722408601,A
sn_42645,1722411371,A
sn_42645,1722414096,A
sn_42645,1722419492,A
sn_42645,1722422267,A
sn_42645,1722427663,A
sn_42645,1722430443,A
sn_42645,1722433167,A
sn_42645,1722441343,A
sn_51090,1719493456,A
sn_22589,1719029129,A
sn_26796,1718615144,A
sn_30209,1719856118,A
sn_30209,1719869185,A
sn_30209,1719884519,A
sn_3175,1718995899,A
sn_3175,1719006377,A
sn_3175,1719019700,A
sn_3175,1722067403,A
sn_3175,1722345456,A
sn_58788,1721399476,A
sn_11961,1718289009,A
sn_24141,1721663807,A
sn_18415,1720510422,A
sn_18415,1720524258,A
sn_18415,1720538287,A
sn_60528,1719820700,A
sn_43425,1717180983,A
sn_43425,1717183614,A
sn_43425,1717186014,A
sn_43425,1717213500,A
sn_43425,1717257293,A
sn_43425,1717264762,A
sn_18891,1722062255,A
sn_68840,1717900882,B
sn_68840,1717906210,B
sn_68840,1717908370,B
sn_68840,1717911046,B
sn_68840,1717913770,B
sn_68840,1717917267,B
sn_68840,1717922410,B
sn_68840,1717925446,B
sn_68840,1717928185,B
sn_68840,1717938970,B
sn_68840,1717941511,B
sn_68840,1717944370,B
sn_68840,1717946890,B
sn_68840,1717955170,B
sn_68840,1717957846,B
sn_68840,1717965756,B
sn_71037,1717172808,B
sn_71037,1717175448,B
sn_71037,1717177974,B
sn_71037,1717180848,B
sn_71037,1717183488,B
sn_71037,1717186368,B
sn_71037,1717188648,B
sn_71037,1717191048,B
sn_71037,1717194048,B
sn_71037,1717196808,B
sn_71037,1717199688,B
sn_71037,1717202208,B
sn_71037,1717205448,B
sn_71037,1717207854,B
sn_71037,1717209768,B
sn_71037,1717213608,B
sn_71037,1717216368,B
sn_71037,1717219008,B
sn_71037,1717221888,B
sn_71037,1717224528,B
sn_71037,1717227299,B
sn_71037,1717229808,B
sn_71037,1717232688,B
sn_71037,1717235490,B
sn_71037,1717238088,B
sn_71037,1717240984,B
sn_71037,1717243634,B
sn_71037,1717246379,B
sn_71037,1717249134,B
sn_71037,1717251888,B
sn_71037,1717254424,B
sn_71037,1717257048,B
sn_71037,1717259933,B
sn_71037,1717262688,B
sn_71037,1717265208,B
sn_71037,1717268219,B
sn_71037,1717273248,B
sn_71037,1717276008,B
sn_71037,1717278648,B
sn_71037,1717284048,B
sn_71037,1717286808,B
sn_71037,1717289448,B
sn_71037,1717292214,B
sn_71037,1717294008,B
sn_71037,1717296648,B
sn_71037,1717300608,B
sn_71037,1717303008,B
sn_71037,1717308408,B
sn_71037,1717312848,B
sn_71037,1717317325,B
sn_71037,1717320048,B
sn_71037,1717322719,B
sn_71037,1717325328,B
sn_71037,1717328208,B
sn_71037,1717330849,B
sn_71037,1717333649,B
sn_71037,1717355495,B
sn_71037,1717358219,B
sn_71037,1717371768,B
sn_71037,1717374048,B
sn_71037,1717377288,B
sn_71037,1717410048,B
sn_71037,1717411994,B
sn_71037,1717420279,B
sn_71037,1717441848,B
sn_71037,1717463328,B
sn_30569,1718993849,A
sn_30569,1719000979,A
sn_3093,1721042415,A
sn_3093,1721043940,A
sn_5791,1720942737,A
sn_60354,1718683517,A
sn_60354,1718702597,A
sn_60354,1720019796,A
sn_60354,1720341557,A
sn_60354,1720349717,A
sn_60354,1720404302,A
sn_60354,1720412477,A
sn_33379,1720756049,A
sn_33379,1720769651,A
sn_58623,1720695513,A
sn_53114,1717625015,A
sn_53114,1717856741,A
sn_53114,1719632473,A
sn_53114,1719891314,A
sn_53114,1720852038,A
sn_53114,1721537473,A
sn_53114,1721964079,A
sn_68751,1717764402,B
sn_68751,1717769797,B
sn_68751,1717775201,B
sn_68751,1717776544,B
sn_19344,1721802170,A
sn_46191,1719987324,A
sn_17189,1718693276,A
sn_17189,1718696998,A
sn_17189,1718707676,A
sn_17189,1718710340,A
sn_17189,1718732157,A
sn_17434,1717218304,A
sn_17434,1717227179,A
sn_17434,1717404179,A
sn_17434,1717414879,A
sn_17434,1717444784,A
sn_17434,1717472459,A
sn_17434,1717922116,A
sn_44426,1718600387,A
sn_44426,1718604631,A
sn_44426,1718611470,A
sn_44426,1718613245,A
sn_44426,1718649331,A
sn_26835,1717854556,A
sn_26835,1717856821,A
sn_60597,1719548525,A
sn_29917,1717805447,A
sn_29917,1717988093,A
sn_29917,1718198161,A
sn_29917,1718331723,A
sn_29917,1718626300,A
sn_29917,1718677948,A
sn_29917,1719359864,A
sn_29917,1719395195,A
sn_29917,1719793448,A
sn_29917,1719828877,A
sn_29917,1719899809,A
sn_29917,1720008879,A
sn_29917,1720047015,A
sn_29917,1720145238,A
sn_29917,1720243351,A
sn_29917,1720257019,A
sn_29917,1720259769,A
sn_29917,1720265198,A
sn_29917,1720273343,A
sn_29917,1720398846,A
sn_29917,1720401575,A
sn_29917,1720447936,A
sn_29917,1721473260,A
sn_29917,1721481390,A
sn_29917,1721484143,A
sn_29917,1721677814,A
sn_29917,1721781386,A
sn_29917,1722045950,A
sn_29917,1722343186,A
sn_13796,1717722552,A
sn_30151,1717235337,A
sn_30151,1717979907,A
sn_30151,1718028872,A
sn_25970,1718425736,A
sn_25970,1719870615,A
sn_37913,1719645684,A
sn_37430,1717919402,A
sn_37430,1717944291,A
sn_37430,1718179025,A
sn_37430,1718181798,A
sn_37430,1718184203,A
sn_37430,1718252584,A
sn_37430,1718265662,A
sn_37430,1718268308,A
sn_37430,1718276595,A
sn_37430,1718282600,A
sn_37430,1718339935,A
sn_37430,1718347749,A
sn_37430,1718358307,A
sn_37430,1718420823,A
sn_37430,1718454423,A
sn_37430,1718473135,A
sn_37430,1718481589,A
sn_37430,1718495371,A
sn_37430,1718516220,A
sn_37430,1718549943,A
sn_37430,1718596282,A
sn_37430,1718623254,A
sn_37430,1718656262,A
sn_37430,1718658538,A
sn_37430,1718743165,A
sn_24370,1720190324,A
sn_24370,1720262556,A
sn_33885,1721055571,A
sn_72328,1722078680,B
sn_59148,1721297673,A
sn_59148,1721300646,A
sn_5840,1718938778,A
sn_5840,1720813331,A
sn_5840,1720816075,A
sn_5840,1720818710,A
sn_5840,1720821486,A
sn_5840,1720829642,A
sn_5840,1720832402,A
sn_5840,1720837879,A
sn_5840,1720840560,A
sn_5840,1720845959,A
sn_5840,1720848691,A
sn_5840,1720856867,A
sn_5840,1720859625,A
sn_5840,1720862355,A
sn_5840,1720865168,A
sn_5840,1720867881,A
sn_5840,1720886959,A
sn_5840,1720889641,A
sn_5840,1720892409,A
sn_5840,1720900553,A
sn_5840,1720906030,A
sn_5840,1720908706,A
sn_5840,1720911476,A
sn_5840,1720914250,A
sn_5840,1720919636,A
sn_5840,1720922385,A
sn_5840,1720930559,A
sn_5840,1720933309,A
sn_5840,1720936029,A
sn_5840,1720938722,A
sn_5840,1720941482,A
sn_5840,1720949606,A
sn_5840,1720952357,A
sn_5840,1720955159,A
sn_5840,1720957801,A
sn_5840,1720960566,A
sn_5840,1720976863,A
sn_5840,1720998599,A
sn_5840,1721001475,A
sn_5840,1721006715,A
sn_5840,1721036744,A
sn_5840,1721061364,A
sn_5840,1721064125,A
sn_5840,1721069598,A
sn_5840,1721072148,A
sn_5840,1721075139,A
sn_5840,1721096718,A
sn_5840,1721124229,A
sn_5840,1721126954,A
sn_5840,1721129588,A
sn_5840,1721159647,A
sn_5840,1721165126,A
sn_5840,1721167795,A
sn_5840,1721170519,A
sn_5840,1721173306,A
sn_5840,1721184212,A
sn_5840,1721186890,A
sn_5840,1721189610,A
sn_5840,1721192373,A
sn_5840,1721200557,A
sn_5840,1721203309,A
sn_5840,1721208603,A
sn_5840,1721241448,A
sn_5840,1721244221,A
sn_5840,1721246842,A
sn_5840,1721249609,A
sn_5840,1721252347,A
sn_5840,1721255126,A
sn_5840,1721257753,A
sn_5840,1721260570,A
sn_5840,1721263192,A
sn_5840,1721265796,A
sn_5840,1721268586,A
sn_5840,1721271487,A
sn_5840,1721274015,A
sn_5840,1721276840,A
sn_5840,1721279621,A
sn_5840,1721282244,A
sn_5840,1721285112,A
sn_5840,1721287799,A
sn_5840,1721290566,A
sn_5840,1721293190,A
sn_5840,1721296029,A
sn_5840,1721298675,A
sn_5840,1721304191,A
sn_5840,1721306827,A
sn_5840,1721309639,A
sn_5840,1721312388,A
sn_5840,1721315123,A
sn_5840,1721317802,A
sn_5840,1721320535,A
sn_5840,1721323303,A
sn_5840,1721325842,A
sn_5840,1721328664,A
sn_5840,1721331445,A
sn_5840,1721334190,A
sn_5840,1721336884,A
sn_5840,1721342351,A
sn_5840,1721344989,A
sn_5840,1721347749,A
sn_5840,1721350539,A
sn_5840,1721353278,A
sn_5840,1721366739,A
sn_5840,1721369636,A
sn_5840,1721372362,A
sn_5840,1721375112,A
sn_5840,1721377777,A
sn_5840,1721380551,A
sn_5840,1721383278,A
sn_5840,1721385951,A
sn_5840,1721388673,A
sn_5840,1721391432,A
sn_5840,1721394189,A
sn_5840,1721396885,A
sn_5840,1721399601,A
sn_5840,1721402352,A
sn_5840,1721407764,A
sn_5840,1721410549,A
sn_5840,1721413283,A
sn_5840,1721415940,A
sn_5840,1721418688,A
sn_5840,1721451367,A
sn_5840,1721456847,A
sn_5840,1721459624,A
sn_5840,1721462371,A
sn_5840,1721473268,A
sn_5840,1721484082,A
sn_5840,1721486886,A
sn_5840,1721489622,A
sn_5840,1721494926,A
sn_5840,1721500521,A
sn_5840,1721503277,A
sn_5840,1721508724,A
sn_5840,1721511441,A
sn_5840,1721514110,A
sn_5840,1721522355,A
sn_5840,1721525046,A
sn_5840,1721527809,A
sn_5840,1721530524,A
sn_5840,1721533160,A
sn_5840,1721535934,A
sn_5840,1721538678,A
sn_5840,1721546856,A
sn_5840,1721549603,A
sn_5840,1721552358,A
sn_5840,1721555019,A
sn_5840,1721557813,A
sn_5840,1721560543,A
sn_5840,1721563276,A
sn_5840,1721565941,A
sn_5840,1721568716,A
sn_5840,1721571433,A
sn_5840,1721574138,A
sn_5840,1721576878,A
sn_5840,1721579598,A
sn_5840,1721582365,A
sn_5840,1721584938,A
sn_5840,1721587772,A
sn_5840,1721590531,A
sn_5840,1721593276,A
sn_5840,1721598727,A
sn_5840,1721606839,A
sn_5840,1721608685,A
sn_5840,1721901351,A
sn_5840,1721901568,A
sn_5840,1722326758,A
sn_5840,1722329532,A
sn_5840,1722331917,A
sn_5840,1722337575,A
sn_5840,1722348582,A
sn_5840,1722370436,A
sn_5840,1722373172,A
sn_5840,1722375669,A
sn_31415,1718560158,A
sn_69519,1720168486,B
sn_69519,1720172333,B
sn_69519,1720174708,B
sn_69519,1720177811,B
sn_69519,1720179556,B
sn_69519,1720229836,B
sn_69519,1721300779,B
sn_69519,1721303180,B
sn_42538,1718281622,A
sn_42538,1718306791,A
sn_37924,1718511651,A
sn_37924,1718514061,A
sn_37924,1718519830,A
sn_7887,1721416017,A
sn_7887,1721418748,A
sn_7887,1721421432,A
sn_7887,1721478735,A
sn_7887,1721519593,A
sn_7887,1721522328,A
sn_7887,1721525099,A
sn_7887,1721530507,A
sn_7887,1721555098,A
sn_7887,1721571449,A
sn_7887,1721576908,A
sn_7887,1721634166,A
sn_7887,1721636848,A
sn_7887,1721647756,A
sn_7887,1721658673,A
sn_7887,1721672355,A
sn_7887,1721784164,A
sn_7887,1721786894,A
sn_7887,1721789569,A
sn_7887,1721792314,A
sn_7887,1721795044,A
sn_67344,1718895828,B
sn_44468,1720614253,A
sn_64332,1721072025,A
sn_37046,1721458595,A
sn_32979,1717595385,A
sn_32979,1717895274,A
sn_26393,1717821810,A
sn_26393,1717823654,A
sn_26393,1717832449,A
sn_22594,1720423392,A
sn_22594,1720507914,A
sn_22594,1720524232,A
sn_32132,1719891248,A
sn_23685,1717519112,A
sn_23685,1717521851,A
sn_23685,1717529526,A
sn_23685,1717535306,A
sn_23685,1717540545,A
sn_23685,1717543666,A
sn_23685,1717548345,A
sn_23685,1717554586,A
sn_23685,1717557246,A
sn_23685,1717570253,A
sn_23685,1717588390,A
sn_23685,1717597404,A
sn_9921,1719080873,A
sn_9921,1719192362,A
sn_8104,1719648861,A
sn_8104,1719812539,A
sn_8104,1719880431,A
sn_8104,1719888855,A
sn_8104,1719937838,A
sn_8104,1720186133,A
sn_8104,1720341477,A
sn_46773,1719912950,A
sn_46773,1719927584,A
sn_46773,1719970440,A
sn_46773,1720167874,A
sn_46773,1720225124,A
sn_46773,1720231271,A
sn_46773,1720252703,A
sn_46773,1720267332,A
sn_46773,1720309623,A
sn_46773,1720337119,A
sn_46773,1720351747,A
sn_46773,1720356606,A
sn_46773,1720394030,A
sn_46773,1720400107,A
sn_46773,1720411384,A
sn_46773,1720421524,A
sn_46773,1720487233,A
sn_46773,1720494035,A
sn_46773,1720500319,A
sn_46773,1720530344,A
sn_46773,1720543054,A
sn_46773,1720567931,A
sn_46773,1720574008,A
sn_46773,1720585433,A
sn_46773,1720615339,A
sn_46773,1720627996,A
sn_46773,1720658836,A
sn_46773,1720670110,A
sn_46773,1720680247,A
sn_46773,1720712389,A
sn_46773,1720737152,A
sn_46773,1720743229,A
sn_46773,1720754503,A
sn_46773,1720757380,A
sn_46773,1720764640,A
sn_46773,1720796783,A
sn_46773,1720821545,A
sn_46773,1720827622,A
sn_46773,1720833707,A
sn_46773,1720838897,A
sn_46773,1720863868,A
sn_46773,1720881385,A
sn_46773,1720906147,A
sn_46773,1720912224,A
sn_46773,1720923499,A
sn_46773,1720948261,A
sn_46773,1720953121,A
sn_46773,1720990541,A
sn_46773,1720996040,A
sn_46773,1721007892,A
sn_46773,1721018029,A
sn_46773,1721032655,A
sn_44955,1720695513,A
sn_42376,1721100548,A
sn_16399,1717172677,A
sn_16399,1717661917,A
sn_16399,1717829947,A
sn_16399,1717898437,A
sn_16399,1718001667,A
sn_16399,1718500477,A
sn_16399,1718552602,A
sn_16399,1718784397,A
sn_16399,1718831917,A
sn_16399,1718866242,A
sn_16399,1718874287,A
sn_16399,1718877162,A
sn_16399,1718879797,A
sn_16399,1718882577,A
sn_16399,1718937162,A
sn_16399,1718938257,A
sn_16399,1718957717,A
sn_16399,1719277842,A
sn_16399,1719400357,A
sn_16399,1719621042,A
sn_16399,1719639997,A
sn_16399,1719645662,A
sn_16399,1719653712,A
sn_16399,1720399957,A
sn_16399,1720742117,A
sn_16399,1720787437,A
sn_16399,1721128037,A
sn_16399,1721299357,A
sn_16399,1721357442,A
sn_16399,1721365517,A
sn_16399,1721387077,A
sn_16399,1722026197,A
sn_16399,1722034607,A
sn_16399,1722048397,A
sn_16399,1722050557,A
sn_16399,1722059077,A
sn_16399,1722097717,A
sn_16399,1722152102,A
sn_16399,1722174532,A
sn_16399,1722182077,A
sn_16399,1722244742,A
sn_16399,1722364957,A
sn_16399,1722372637,A
sn_16399,1722386797,A
sn_41736,1722284112,A
sn_41736,1722287999,A
sn_41736,1722291044,A
sn_41736,1722293991,A
sn_41736,1722296720,A
sn_41736,1722301765,A
sn_41736,1722315705,A
sn_41736,1722322751,A
sn_41736,1722337384,A
sn_8833,1717459123,A
sn_11335,1722266783,A
sn_11335,1722275023,A
sn_11335,1722285863,A
sn_11335,1722299543,A
sn_11335,1722305023,A
sn_11335,1722315863,A
sn_58770,1718350697,A
sn_32412,1722280433,A
sn_32412,1722282448,A
sn_32412,1722284589,A
sn_49028,1719118872,A
sn_49028,1719121380,A
sn_45989,1718566301,A
sn_45989,1718606813,A
sn_57642,1721795071,A
sn_63873,1719044049,A
sn_63873,1720643819,A
sn_7733,1720036158,A
sn_7733,1720145238,A
sn_7733,1720186074,A
sn_7733,1720191595,A
sn_7733,1720322493,A
sn_7733,1720325154,A
sn_7733,1720333398,A
sn_7733,1720336075,A
sn_7733,1720349754,A
sn_7733,1720404234,A
sn_7733,1720412483,A
sn_7733,1720423393,A
sn_7733,1720431574,A
sn_7733,1720453388,A
sn_7733,1720581558,A
sn_7733,1720592468,A
sn_7733,1720603315,A
sn_7733,1720611553,A
sn_7733,1720619734,A
sn_7733,1720622394,A
sn_7733,1720627914,A
sn_7733,1720646994,A
sn_7733,1720649734,A
sn_7733,1720655149,A
sn_7733,1720657915,A
sn_7733,1720660643,A
sn_7733,1720671548,A
sn_7733,1720685154,A
sn_7733,1720690638,A
sn_7733,1720701548,A
sn_7733,1720715149,A
sn_7733,1720736984,A
sn_7733,1720747904,A
sn_7733,1720750633,A
sn_7733,1720753309,A
sn_7733,1720761474,A
sn_7733,1720766994,A
sn_7733,1720769723,A
sn_7733,1720772389,A
sn_7733,1720799718,A
sn_7733,1720802397,A
sn_7733,1720805154,A
sn_7733,1720810628,A
sn_7733,1720824234,A
sn_7733,1720829713,A
sn_7733,1720832394,A
sn_7733,1720843314,A
sn_7733,1720859713,A
sn_7733,1720867894,A
sn_7733,1720878799,A
sn_7733,1720881473,A
sn_7733,1720884235,A
sn_7733,1720897888,A
sn_7733,1720900554,A
sn_7733,1720908793,A
sn_7733,1720916979,A
sn_7733,1720922394,A
sn_7733,1720938793,A
sn_7733,1720941474,A
sn_7733,1720944234,A
sn_7733,1720949634,A
sn_7733,1720955154,A
sn_7733,1720968594,A
sn_7733,1720971474,A
sn_7733,1720982395,A
sn_7733,1720996064,A
sn_7733,1721006968,A
sn_7733,1721028788,A
sn_7733,1721031474,A
sn_7733,1721047873,A
sn_7733,1721050554,A
sn_7733,1721058714,A
sn_7733,1721086048,A
sn_7733,1721088709,A
sn_7733,1721156953,A
sn_7733,1721167794,A
sn_7733,1721170554,A
sn_7733,1721173314,A
sn_7733,1721306874,A
sn_7733,1721317796,A
sn_7733,1721375113,A
sn_7733,1721394199,A
sn_7733,1721781438,A
sn_7733,1721871428,A
sn_7733,1721947782,A
sn_7733,1721950514,A
sn_7733,1722105949,A
sn_7733,1722108678,A
sn_7733,1722114115,A
sn_7733,1722206843,A
sn_7733,1722209515,A
sn_7733,1722280435,A
sn_7733,1722285933,A
sn_7733,1722362274,A
sn_7733,1722367675,A
sn_7308,1720747780,A
sn_26564,1719220738,A
sn_26564,1719223451,A
sn_26564,1719225489,A
sn_54113,1718726191,A
sn_6893,1717477006,A
sn_6893,1717561564,A
sn_6893,1717899796,A
sn_6893,1718153469,A
sn_6893,1718238027,A
sn_6893,1718407143,A
sn_6893,1718491701,A
sn_6893,1718829932,A
sn_6893,1719337280,A
sn_6893,1719590954,A
sn_6893,1719760069,A
sn_6893,1719844627,A
sn_6893,1719929185,A
sn_6893,1720013743,A
sn_6893,1720098301,A
sn_6893,1720182859,A
sn_6893,1720267417,A
sn_6893,1720521091,A
sn_6893,1720605648,A
sn_6893,1720859322,A
sn_6893,1720943880,A
sn_6893,1721112996,A
sn_6893,1721197554,A
sn_6893,1721535785,A
sn_6893,1721789459,A
sn_6893,1721874017,A
sn_6893,1721958575,A
sn_6893,1722043133,A
sn_6893,1722296807,A
sn_64403,1721195012,A
sn_64403,1722075938,A
sn_64403,1722127764,A
sn_11980,1717767108,A
sn_11980,1717769885,A
sn_11980,1717772607,A
sn_30099,1721707791,A
sn_30099,1721729272,A
sn_50681,1717936290,A
sn_50681,1717938549,A
sn_50681,1717941674,A
sn_50681,1717943834,A
sn_50681,1717945989,A
sn_50681,1717949949,A
sn_50681,1717952589,A
sn_50681,1717957629,A
sn_50681,1717960749,A
sn_50681,1717963634,A
sn_50681,1717968559,A
sn_50681,1717977189,A
sn_54990,1721380904,A
sn_54990,1721811609,A
sn_54990,1721825064,A
sn_54990,1721849408,A
sn_54990,1721964148,A
sn_54990,1722015962,A
sn_54990,1722026867,A
sn_54990,1722035049,A
sn_54990,1722100471,A
sn_54990,1722171383,A
sn_54990,1722179543,A
sn_54990,1722239548,A
sn_54990,1722285864,A
sn_54990,1722310473,A
sn_54990,1722313205,A
sn_54990,1722315877,A
sn_54990,1722364948,A
sn_54990,1722392283,A
sn_14159,1718427203,A
sn_14159,1718429797,A
sn_14159,1718437953,A
sn_14159,1718440829,A
sn_14159,1718443270,A
sn_14159,1718466168,A
sn_14159,1718476227,A
sn_14159,1718492197,A
sn_32773,1719474280,A
sn_69820,1720463759,B
sn_69820,1720469749,B
sn_69820,1720474637,B
sn_61907,1719888889,A
sn_44024,1720640472,A
sn_62891,1720483349,A
sn_62891,1720486109,A
sn_62891,1720488749,A
sn_62891,1720491149,A
sn_62891,1720494149,A
sn_62891,1720499429,A
sn_36923,1718372672,A
sn_36923,1718378124,A
sn_36923,1718380765,A
sn_62254,1718792610,A
sn_62254,1718794624,A
sn_62254,1718798098,A
sn_62254,1718800730,A
sn_62254,1718803502,A
sn_62254,1718805893,A
sn_62254,1718811176,A
sn_62254,1718813843,A
sn_62254,1718815856,A
sn_62254,1718822322,A
sn_62254,1718824509,A
sn_62254,1718829910,A
sn_11108,1721045149,A
sn_11108,1721118744,A
sn_11108,1721137824,A
sn_5147,1718885355,A
sn_5147,1718887736,A
sn_64509,1722016939,A
sn_12100,1720510487,A
sn_12100,1720513353,A
sn_12100,1720524041,A
sn_12100,1720526435,A
sn_12100,1720529680,A
sn_12100,1720532451,A
sn_52251,1720281587,A
sn_52251,1720366115,A
sn_62478,1717799997,A
sn_62478,1721227827,A
sn_20614,1722086682,A
sn_20614,1722092082,A
sn_20614,1722097482,A
sn_20614,1722100225,A
sn_20614,1722102882,A
sn_20614,1722105626,A
sn_20614,1722111026,A
sn_20614,1722113682,A
sn_20614,1722118447,A
sn_26338,1721944871,A
sn_12274,1719774129,A
sn_4472,1717873519,A
sn_4472,1717881680,A
sn_42680,1717908932,A
sn_42680,1717909909,A
sn_42680,1717918435,A
sn_3586,1718061738,A
sn_3586,1718067263,A
sn_3586,1718378138,A
sn_3586,1718380808,A
sn_3586,1718386177,A
sn_3586,1718559728,A
sn_3586,1718623318,A
sn_3586,1718626298,A
sn_3586,1718900018,A
sn_3586,1719635278,A
sn_3586,1720087889,A
sn_3586,1720096149,A
sn_3586,1720098674,A
sn_3586,1720101569,A
sn_3586,1720104334,A
sn_3586,1720107049,A
sn_3586,1720109734,A
sn_3586,1720112469,A
sn_3586,1720120609,A
sn_3586,1720131554,A
sn_3586,1720145229,A
sn_22592,1718274315,A
sn_22592,1718279918,A
sn_22592,1718331781,A
sn_22592,1718341751,A
sn_22592,1718503543,A
sn_22592,1718601702,A
sn_22592,1718697199,A
sn_22592,1718773536,A
sn_22592,1718784452,A
sn_22592,1718798102,A
sn_22592,1718855369,A
sn_22592,1718877984,A
sn_22592,1718982495,A
sn_22592,1718988733,A
sn_22592,1718993292,A
sn_22592,1718999897,A
sn_22592,1719001823,A
sn_22592,1719010466,A
sn_22592,1719015137,A
sn_22592,1719021386,A
sn_22592,1719025574,A
sn_22592,1719027857,A
sn_22592,1719033616,A
sn_22592,1719037584,A
sn_22592,1719041666,A
sn_22592,1719045978,A
sn_22592,1719048005,A
sn_22592,1719050294,A
sn_22592,1719052575,A
sn_22592,1719057019,A
sn_22592,1719059299,A
sn_22592,1719065774,A
sn_22592,1719070460,A
sn_22592,1719074408,A
sn_22592,1719082952,A
sn_22592,1719087751,A
sn_22592,1719091947,A
sn_22592,1719094212,A
sn_22592,1719100219,A
sn_22592,1719111491,A
sn_22592,1719113547,A
sn_22592,1719119303,A
sn_22592,1719125167,A
sn_22592,1719127213,A
sn_22592,1719129261,A
sn_22592,1719132989,A
sn_22592,1719138972,A
sn_22592,1719139210,A
sn_22592,1719146173,A
sn_22592,1719157099,A
sn_22592,1719159382,A
sn_22592,1719161655,A
sn_22592,1719168123,A
sn_22592,1719172456,A
sn_22592,1719176782,A
sn_22592,1719184942,A
sn_22592,1719186856,A
sn_22592,1719190787,A
sn_22592,1719192748,A
sn_22592,1719198620,A
sn_31498,1720284311,A
sn_31498,1720286825,A
sn_31498,1720291269,A
sn_31498,1720297074,A
sn_31498,1720325103,A
sn_5038,1721377834,A
sn_5038,1721421474,A
sn_5038,1721953234,A
sn_19115,1721792317,A
sn_19115,1721794952,A
sn_19115,1721797712,A
sn_19115,1721800352,A
sn_19115,1721805897,A
sn_19115,1721808512,A
sn_19115,1721816552,A
sn_19115,1721837312,A
sn_21525,1718968744,A
sn_21525,1718971374,A
sn_21525,1718982094,A
sn_21525,1718985356,A
sn_21525,1719000093,A
sn_21525,1719003426,A
sn_21525,1719014500,A
sn_2245,1719601972,A
sn_2245,1719610375,A
sn_62689,1722082405,A
sn_20436,1721933578,A
sn_47106,1721195126,A
sn_47106,1721203083,A
sn_47106,1721219510,A
sn_55201,1717930908,A
sn_55201,1717933437,A
sn_55201,1717938014,A
sn_55201,1717949637,A
sn_53838,1720025230,A
sn_53838,1720447902,A
sn_10552,1718096396,A
sn_10552,1718105414,A
sn_10552,1718108149,A
sn_10552,1718110816,A
sn_10552,1718113546,A
sn_10552,1718116216,A
sn_10552,1718124488,A
sn_10552,1718127013,A
sn_10552,1718129761,A
sn_10552,1718137830,A
sn_10552,1718139609,A
sn_10552,1718151347,A
sn_15739,1718765241,A
sn_15739,1718768100,A
sn_15739,1718770481,A
sn_15739,1718772476,A
sn_15739,1718775401,A
sn_15739,1718776722,A
sn_7809,1719995895,A
sn_65056,1719722552,A
sn_65056,1719725074,A
sn_15275,1717257246,A
sn_15275,1717262658,A
sn_15275,1717267325,A
sn_15275,1717270813,A
sn_47510,1719711701,A
sn_47510,1719719708,A
sn_47510,1719771451,A
sn_47510,1719787071,A
sn_47510,1719796259,A
sn_47510,1719856009,A
sn_47510,1719871629,A
sn_47510,1719923097,A
sn_47510,1719940568,A
sn_47510,1719956188,A
sn_47510,1719965376,A
sn_47510,1720007656,A
sn_47510,1720025127,A
sn_47510,1720049935,A
sn_47510,1720092214,A
sn_47510,1720109685,A
sn_47510,1720134494,A
sn_47510,1720176773,A
sn_47510,1720194244,A
sn_47510,1720261332,A
sn_47510,1720278802,A
sn_47510,1720303611,A
sn_47510,1720311619,A
sn_47510,1720345890,A
sn_47510,1720363361,A
sn_47510,1720447920,A
sn_47510,1720515007,A
sn_47510,1720532478,A
sn_47510,1720548098,A
sn_47510,1720599566,A
sn_47510,1720617037,A
sn_47510,1720632657,A
sn_47510,1720641845,A
sn_47510,1720701596,A
sn_47510,1720717215,A
sn_47510,1720726404,A
sn_47510,1720786154,A
sn_47510,1720801774,A
sn_47510,1720853242,A
sn_47510,1720870713,A
sn_47510,1720886333,A
sn_47510,1720955272,A
sn_47510,1720970891,A
sn_47510,1720980080,A
sn_1002,1717224570,A
sn_1002,1717227325,A
sn_1002,1717232731,A
sn_1002,1717238256,A
sn_1002,1717240983,A
sn_1002,1717246429,A
sn_1002,1717249162,A
sn_1002,1717251801,A
sn_1002,1717254566,A
sn_1002,1717682679,A
sn_1002,1719558895,A
sn_1002,1719569794,A
sn_1002,1720341514,A
sn_1002,1720404266,A
sn_1002,1720420665,A
sn_1002,1720431573,A
sn_1002,1720761536,A
sn_1002,1720764265,A
sn_1002,1720766992,A
sn_1002,1720777832,A
sn_1002,1720780594,A
sn_1002,1720783354,A
sn_1002,1720786021,A
sn_1002,1720788759,A
sn_1002,1720791531,A
sn_1002,1721091503,A
sn_1002,1721124185,A
sn_1002,1721135087,A
sn_1002,1721154181,A
sn_1002,1721271471,A
sn_1002,1721669632,A
sn_1002,1722135776,A
sn_1002,1722138659,A
sn_32191,1717600872,A
sn_32191,1717602385,A
sn_34437,1720529370,A
sn_34437,1720531272,A
sn_10758,1720008824,A
sn_10758,1720011591,A
sn_10758,1720013045,A
sn_10758,1720024187,A
sn_10758,1720043226,A
sn_24053,1717461816,A
sn_24053,1717475494,A
sn_24053,1718511595,A
sn_24053,1721800494,A
sn_19865,1717785618,A
sn_69869,1717586438,B
sn_19489,1717412778,A
sn_19489,1717415418,A
sn_19489,1717685413,A
sn_62482,1719684256,A
sn_62482,1719700660,A
sn_62482,1719703334,A
sn_62482,1719705816,A
sn_56249,1721290539,A
sn_56249,1721298340,A
sn_56249,1721304160,A
sn_24021,1717832740,A
sn_24021,1717960875,A
sn_24021,1718094450,A
sn_47031,1721050229,A
sn_1875,1718740835,A
sn_1875,1718745447,A
sn_21086,1717178207,A
sn_21086,1717235522,A
sn_21086,1717257255,A
sn_21086,1717418225,A
sn_21086,1717429128,A
sn_21086,1717483683,A
sn_21086,1717524512,A
sn_21086,1717535438,A
sn_21086,1717562674,A
sn_21086,1717584537,A
sn_21086,1717647242,A
sn_21086,1717655441,A
sn_21086,1717658193,A
sn_21086,1717663669,A
sn_21086,1717669066,A
sn_21086,1717701839,A
sn_21086,1717745269,A
sn_21086,1717767294,A
sn_21086,1717832681,A
sn_21086,1717914506,A
sn_21086,1718020852,A
sn_21086,1718029085,A
sn_21086,1718077824,A
sn_21086,1718080689,A
sn_21086,1718088985,A
sn_21086,1718176325,A
sn_21086,1718187154,A
sn_21086,1718465254,A
sn_21086,1718467908,A
sn_21086,1718505800,A
sn_21086,1718519839,A
sn_21086,1718555358,A
sn_31001,1717582596,A
sn_31001,1718766412,A
sn_31001,1722171588,A
sn_31001,1722340704,A
sn_31001,1722425262,A
sn_54551,1721890134,A
sn_57544,1718456941,A
sn_57544,1718829782,A
sn_57544,1718844182,A
sn_56359,1721533181,A
sn_56359,1721546070,A
sn_56359,1721606219,A
sn_37343,1721726797,A
sn_37343,1721751319,A
sn_37343,1721756821,A
sn_37343,1721789606,A
sn_37343,1721835941,A
sn_37343,1721838705,A
sn_37343,1721852291,A
sn_37343,1721876500,A
sn_68881,1718419021,B
sn_68881,1718421432,B
sn_68881,1718466761,B
sn_26799,1717627374,A
sn_26799,1717630135,A
sn_26799,1717633667,A
sn_26799,1717636376,A
sn_26799,1717641775,A
sn_26799,1717644536,A
sn_26799,1717647175,A
sn_26799,1717649935,A
sn_26799,1717652575,A
sn_26799,1717655335,A
sn_26799,1717657136,A
sn_26799,1717660734,A
sn_26799,1717663375,A
sn_26799,1717666140,A
sn_26799,1717671537,A
sn_26799,1717674175,A
sn_26799,1717679575,A
sn_26799,1717682337,A
sn_26799,1717684975,A
sn_51376,1719534033,A
sn_3041,1722214981,A
sn_3041,1722239324,A
sn_62722,1718544287,A
sn_47630,1718263548,A
sn_47630,1718266298,A
sn_47630,1718269027,A
sn_47630,1718271549,A
sn_47630,1718274442,A
sn_47630,1718276949,A
sn_47630,1718279498,A
sn_47630,1718282395,A
sn_4313,1720873228,A
sn_19622,1721020378,A
sn_19622,1721210096,A
sn_24330,1717805254,A
sn_24330,1717808016,A
sn_24330,1717810656,A
sn_24330,1717813293,A
sn_24330,1717816055,A
sn_24330,1717817013,A
sn_54017,1719235929,A
sn_25473,1717341777,A
sn_52159,1721811437,A
sn_652,1720537599,A
sn_652,1720543000,A
sn_652,1720545665,A
sn_652,1720548399,A
sn_652,1720551065,A
sn_652,1720552864,A
sn_652,1720556460,A
sn_652,1720559199,A
sn_652,1720569999,A
sn_652,1720572666,A
sn_652,1720578065,A
sn_652,1720586199,A
sn_652,1720587999,A
sn_652,1720592460,A
sn_652,1720595161,A
sn_652,1720597865,A
sn_66807,1721502711,B
sn_66807,1721516659,B
sn_66807,1721527193,B
sn_66807,1721530556,B
sn_66807,1721536010,B
sn_66807,1721538710,B
sn_66807,1721554836,B
sn_66807,1721555873,B
sn_66807,1721560311,B
sn_66807,1721567510,B
sn_66807,1721574710,B
sn_66807,1721579272,B
sn_48463,1722441594,A
sn_69066,1719089770,B
sn_69066,1719092099,B
sn_69066,1719095197,B
sn_69066,1719097873,B
sn_69066,1719099986,B
sn_69066,1719102680,B
sn_69066,1719105388,B
sn_69066,1719108301,B
sn_69066,1719111681,B
sn_69066,1719127892,B
sn_69066,1719129681,B
sn_69066,1719138773,B
sn_69066,1719141469,B
sn_17140,1717420956,A
sn_35048,1717235411,A
sn_35048,1718754462,A
sn_35048,1719338038,A
sn_35048,1719370604,A
sn_35048,1720235197,A
sn_35048,1720273372,A
sn_35048,1720284135,A
sn_35048,1720379639,A
sn_35048,1720404293,A
sn_35048,1720450580,A
sn_35048,1720472434,A
sn_35048,1721077799,A
sn_35048,1721189569,A
sn_35048,1721200569,A
sn_43500,1721574323,A
sn_41028,1720740760,A
sn_34609,1719376181,A
sn_34609,1719382755,A
sn_34609,1719392408,A
sn_34609,1719397704,A
sn_34609,1719404582,A
sn_2305,1721538676,A
sn_2305,1721552337,A
sn_2305,1721554259,A
sn_2305,1721568659,A
sn_2305,1721595897,A
sn_2305,1721603702,A
sn_64333,1718189856,A
sn_64333,1719400558,A
sn_30767,1722375896,A
sn_52221,1721104992,A
sn_52221,1721130137,A
sn_52221,1721152030,A
sn_27968,1717668928,A
sn_27968,1717677281,A
sn_27968,1717726389,A
sn_27968,1717742713,A
sn_27968,1717744757,A
sn_27968,1717746942,A
sn_27968,1717836289,A
sn_27968,1717861602,A
sn_27968,1717886566,A
sn_27968,1717887539,A
sn_27968,1717936141,A
sn_27968,1718078089,A
sn_27968,1718132613,A
sn_27968,1718159931,A
sn_27968,1718170844,A
sn_27968,1718186010,A
sn_27968,1718241581,A
sn_27968,1718249927,A
sn_27968,1718257166,A
sn_27968,1718283532,A
sn_27968,1718318123,A
sn_27968,1718328770,A
sn_27968,1718331767,A
sn_27968,1718334284,A
sn_27968,1718341014,A
sn_27968,1718449030,A
sn_27968,1718451768,A
sn_27968,1718457214,A
sn_27968,1718519447,A
sn_27968,1718637652,A
sn_27968,1719826021,A
sn_27968,1719842448,A
sn_27968,1719844590,A
sn_27968,1719847262,A
sn_27968,1719912173,A
sn_27968,1719924653,A
sn_27968,1720014067,A
sn_16540,1720627880,A
sn_16540,1720630640,A
sn_16540,1720633360,A
sn_16540,1720636033,A
sn_16540,1720638806,A
sn_16540,1720641549,A
sn_16540,1720644178,A
sn_16540,1720646973,A
sn_16540,1720649732,A
sn_16540,1720652460,A
sn_16540,1720655142,A
sn_16540,1720657900,A
sn_16540,1720660640,A
sn_16540,1720662185,A
sn_43165,1718345381,A
sn_43165,1718347543,A
sn_43165,1718349700,A
sn_43165,1718393540,A
sn_6310,1722362241,A
sn_6310,1722384081,A
sn_6310,1722414083,A
sn_6310,1722427735,A
sn_18076,1721059142,A
sn_37463,1717172311,A
sn_37463,1717217556,A
sn_37463,1717284063,A
sn_37463,1717290064,A
sn_37463,1717303589,A
sn_37463,1717347049,A
sn_37463,1717420836,A
sn_37463,1717467038,A
sn_37463,1717512624,A
sn_37463,1717520672,A
sn_37463,1717565224,A
sn_37463,1717670928,A
sn_37463,1717676422,A
sn_37463,1717688103,A
sn_37463,1717693503,A
sn_37463,1717698905,A
sn_37463,1717707024,A
sn_37463,1717725909,A
sn_37463,1717752912,A
sn_37463,1717769932,A
sn_37463,1717771827,A
sn_37463,1717780823,A
sn_37463,1717791634,A
sn_37463,1717804220,A
sn_37463,1717832115,A
sn_37463,1717840229,A
sn_37463,1717851018,A
sn_37463,1717952715,A
sn_27137,1718813062,A
sn_14099,1718533552,A
sn_14099,1718539029,A
sn_14099,1718541687,A
sn_14099,1718544436,A
sn_14099,1718547179,A
sn_14099,1718549944,A
sn_14099,1718552589,A
sn_14099,1718558122,A
sn_14099,1718560750,A
sn_14099,1718563522,A
sn_14099,1718566306,A
sn_14099,1718569025,A
sn_14099,1718569286,A
sn_64764,1720842874,A
sn_52112,1717687147,A
sn_52112,1720788808,A
sn_52112,1720791521,A
sn_554,1720374167,A
sn_554,1720376915,A
sn_554,1720379484,A
sn_554,1720381666,A
sn_554,1720384017,A
sn_554,1720389044,A
sn_554,1720397615,A
sn_554,1720401429,A
sn_554,1720403942,A
sn_554,1720417481,A
sn_554,1720420528,A
sn_554,1720435958,A
sn_26812,1717191844,A
sn_26812,1717257233,A
sn_41388,1721698558,A
sn_67657,1722111146,B
sn_63600,1720886690,A
sn_63600,1721956490,A
sn_2931,1717887258,A
sn_2931,1717889988,A
sn_2931,1717890457,A
sn_57694,1717328166,A
sn_57694,1717336415,A
sn_57694,1717355515,A
sn_57694,1717429092,A
sn_57694,1717431828,A
sn_57694,1717442769,A
sn_57694,1717499615,A
sn_57694,1717528298,A
sn_57694,1717538859,A
sn_57694,1717557216,A
sn_57694,1717578100,A
sn_57694,1717614382,A
sn_57694,1717658020,A
sn_57694,1717664768,A
sn_57694,1717668943,A
sn_57694,1717675580,A
sn_57694,1718030146,A
sn_57694,1718167827,A
sn_57694,1718251341,A
sn_57694,1718263551,A
sn_57694,1718266176,A
sn_57694,1718269776,A
sn_57694,1718277001,A
sn_57694,1718282653,A
sn_57694,1718285066,A
sn_57694,1718290816,A
sn_57694,1718293540,A
sn_57694,1718296325,A
sn_57694,1718298231,A
sn_57694,1718354016,A
sn_57694,1718440417,A
sn_57694,1718786016,A
sn_57694,1718867738,A
sn_57694,1718884903,A
sn_57694,1719045217,A
sn_57694,1719084835,A
sn_57694,1719091905,A
sn_57694,1719128058,A
sn_57694,1719130785,A
sn_57694,1719136205,A
sn_57694,1719138975,A
sn_57694,1719141697,A
sn_57694,1719144388,A
sn_57694,1719147141,A
sn_57694,1719149858,A
sn_57694,1719152534,A
sn_57694,1719155306,A
sn_57694,1719158017,A
sn_57694,1719160778,A
sn_57694,1719163416,A
sn_57694,1719166224,A
sn_57694,1719168973,A
sn_57694,1719174384,A
sn_57694,1719177132,A
sn_57694,1719179855,A
sn_57694,1719182499,A
sn_57694,1719185255,A
sn_57694,1719193465,A
sn_57694,1719207100,A
sn_57694,1719215260,A
sn_57694,1719218021,A
sn_57694,1719220781,A
sn_57694,1719226181,A
sn_57694,1719228968,A
sn_57694,1719231583,A
sn_57694,1719234392,A
sn_57694,1719237100,A
sn_57694,1719239876,A
sn_57694,1719242549,A
sn_57694,1719245282,A
sn_57694,1719247945,A
sn_57694,1719250588,A
sn_57694,1719253471,A
sn_57694,1719256229,A
sn_57694,1719258961,A
sn_57694,1719261630,A
sn_57694,1719264390,A
sn_57694,1719267143,A
sn_57694,1719272551,A
sn_57694,1719280675,A
sn_57694,1719286220,A
sn_57694,1719288954,A
sn_57694,1719291577,A
sn_57694,1719293617,A
sn_57694,1719297132,A
sn_57694,1719298927,A
sn_57694,1719300700,A
sn_57694,1719307436,A
sn_57694,1719318577,A
sn_57694,1719324385,A
sn_57694,1719327137,A
sn_57694,1719329862,A
sn_57694,1719332545,A
sn_57694,1719343463,A
sn_57694,1719354379,A
sn_57694,1719362546,A
sn_57694,1719368018,A
sn_57694,1719370655,A
sn_57694,1719373321,A
sn_57694,1719376220,A
sn_57694,1719378940,A
sn_57694,1719381620,A
sn_57694,1719384336,A
sn_57694,1719387095,A
sn_57694,1719389855,A
sn_57694,1719392536,A
sn_57694,1719395255,A
sn_57694,1719398016,A
sn_57694,1719400660,A
sn_57694,1719403454,A
sn_57694,1719406177,A
sn_57694,1719408941,A
sn_57694,1719411457,A
sn_57694,1719414020,A
sn_57694,1719417129,A
sn_57694,1719419857,A
sn_57694,1719422377,A
sn_57694,1719425295,A
sn_57694,1719428016,A
sn_57694,1719430705,A
sn_57694,1719433219,A
sn_57694,1719436058,A
sn_57694,1719438939,A
sn_57694,1719441579,A
sn_57694,1719444359,A
sn_57694,1719447120,A
sn_57694,1719449784,A
sn_57694,1719452509,A
sn_57694,1719455179,A
sn_57694,1719457895,A
sn_57694,1719460701,A
sn_57694,1719463452,A
sn_57694,1719466214,A
sn_57694,1719468938,A
sn_57694,1719471624,A
sn_57694,1719474337,A
sn_57694,1719477095,A
sn_57694,1719479739,A
sn_57694,1719482495,A
sn_57694,1719484776,A
sn_57694,1719487777,A
sn_57694,1719490692,A
sn_57694,1719493454,A
sn_57694,1719496178,A
sn_57694,1719498869,A
sn_57694,1719501594,A
sn_57694,1719504394,A
sn_57694,1719507100,A
sn_57694,1719509787,A
sn_57694,1719512503,A
sn_57694,1719515290,A
sn_57694,1719517805,A
sn_57694,1719520706,A
sn_57694,1719523439,A
sn_57694,1719526179,A
sn_57694,1719528844,A
sn_57694,1719531500,A
sn_57694,1719534366,A
sn_57694,1719536875,A
sn_57694,1719539740,A
sn_57694,1719542260,A
sn_57694,1719545265,A
sn_57694,1719547895,A
sn_57694,1719550676,A
sn_57694,1719553206,A
sn_57694,1719555935,A
sn_57694,1719558617,A
sn_57694,1719561335,A
sn_57694,1719564095,A
sn_57694,1719567110,A
sn_57694,1719569495,A
sn_57694,1719572255,A
sn_57694,1719575271,A
sn_57694,1719577895,A
sn_57694,1719580415,A
sn_57694,1719583431,A
sn_57694,1719586178,A
sn_57694,1719588575,A
sn_57694,1719591603,A
sn_57694,1719594381,A
sn_57694,1719597110,A
sn_57694,1719599750,A
sn_57694,1719602521,A
sn_57694,1719605291,A
sn_57694,1719608020,A
sn_57694,1719610545,A
sn_57694,1719613415,A
sn_57694,1719616070,A
sn_57694,1719618110,A
sn_57694,1719624335,A
sn_57694,1719632390,A
sn_57694,1719635015,A
sn_57694,1719637535,A
sn_57694,1719640551,A
sn_57694,1719643415,A
sn_57694,1719646175,A
sn_57694,1719648741,A
sn_57694,1719651241,A
sn_57694,1719653975,A
sn_57694,1719657095,A
sn_57694,1719659151,A
sn_57694,1719662495,A
sn_57694,1719681575,A
sn_57694,1719684021,A
sn_57694,1719687095,A
sn_57694,1719689135,A
sn_57694,1719691806,A
sn_57694,1719695255,A
sn_57694,1719700300,A
sn_57694,1719777095,A
sn_57694,1719782495,A
sn_57694,1719785171,A
sn_57694,1719787895,A
sn_57694,1719790535,A
sn_57694,1719793295,A
sn_57694,1719795815,A
sn_57694,1719798862,A
sn_57694,1719801575,A
sn_57694,1719807022,A
sn_57694,1719809781,A
sn_57694,1719812537,A
sn_57694,1719815271,A
sn_57694,1719820701,A
sn_57694,1719823415,A
sn_57694,1719828815,A
sn_57694,1719830615,A
sn_57694,1719836977,A
sn_57694,1719842402,A
sn_57694,1719847895,A
sn_57694,1719850675,A
sn_57694,1719853295,A
sn_57694,1719856177,A
sn_57694,1719857855,A
sn_57694,1719861578,A
sn_57694,1719864215,A
sn_57694,1719866855,A
sn_57694,1719869771,A
sn_57694,1719872537,A
sn_57694,1719875265,A
sn_57694,1719877818,A
sn_57694,1719880655,A
sn_57694,1719883415,A
sn_57694,1719888862,A
sn_57694,1719891600,A
sn_57694,1719894335,A
sn_57694,1719896855,A
sn_57694,1719899286,A
sn_57694,1719904655,A
sn_57694,1719907895,A
sn_57694,1719910655,A
sn_57694,1719913415,A
sn_57694,1719915455,A
sn_57694,1719918815,A
sn_57694,1719921625,A
sn_57694,1719924335,A
sn_57694,1719926393,A
sn_57694,1719929771,A
sn_57694,1719932377,A
sn_57694,1719935173,A
sn_57694,1719937895,A
sn_57694,1719940177,A
sn_57694,1719943441,A
sn_57694,1719945972,A
sn_57694,1719948695,A
sn_57694,1719950977,A
sn_57694,1719954018,A
sn_57694,1719956977,A
sn_57694,1719959419,A
sn_57694,1720006091,A
sn_57694,1720008835,A
sn_57694,1720011603,A
sn_57694,1720017018,A
sn_57694,1720019740,A
sn_57694,1720022516,A
sn_57694,1720027942,A
sn_57694,1720030697,A
sn_57694,1720033431,A
sn_57694,1720038854,A
sn_57694,1720041613,A
sn_57694,1720044337,A
sn_57694,1720046983,A
sn_57694,1720049771,A
sn_57694,1720055180,A
sn_57694,1720055414,A
sn_18249,1717387713,A
sn_68075,1720027810,B
sn_68075,1720030433,B
sn_68075,1720032690,B
sn_68075,1720035627,B
sn_68075,1720038806,B
sn_68075,1720041218,B
sn_68075,1720043728,B
sn_68075,1720046879,B
sn_68075,1720047756,B
sn_68075,1720050928,B
sn_68075,1720055157,B
sn_68075,1720060533,B
sn_45386,1721328720,A
sn_45386,1721331121,A
sn_45386,1721333932,A
sn_45386,1721338914,A
sn_33778,1722043193,A
sn_30764,1717999084,A
sn_30764,1719973419,A
sn_30764,1720456049,A
sn_30764,1720486089,A
sn_30764,1722299519,A
sn_30764,1722365009,A
sn_30764,1722378584,A
sn_26525,1721396814,A
sn_10918,1718713619,A
sn_61335,1717930871,A
sn_2564,1718856817,A
sn_2564,1720357943,A
sn_2564,1720368849,A
sn_25130,1721698952,A
sn_25130,1721702354,A
sn_25130,1721705042,A
sn_25130,1721707788,A
sn_53025,1717765729,A
sn_33008,1722133200,A
sn_33008,1722187117,A
sn_63220,1718244428,A
sn_63220,1718304089,A
sn_30975,1719992505,A
sn_30975,1720025250,A
sn_30975,1720030667,A
sn_30975,1720033424,A
sn_30975,1720052504,A
sn_30975,1720055249,A
sn_30975,1720057904,A
sn_30975,1720063424,A
sn_30975,1720066156,A
sn_30975,1720068824,A
sn_30975,1720071581,A
sn_30975,1720077062,A
sn_30975,1720085244,A
sn_30975,1720093424,A
sn_30975,1720096153,A
sn_30975,1720098824,A
sn_30975,1720101585,A
sn_30975,1720104334,A
sn_30975,1720107058,A
sn_30975,1720109735,A
sn_30975,1720123424,A
sn_30975,1720126148,A
sn_30975,1720128824,A
sn_30975,1720131585,A
sn_30975,1720134331,A
sn_30975,1720137058,A
sn_30975,1720145239,A
sn_30975,1720156148,A
sn_30975,1720158824,A
sn_30975,1720166991,A
sn_30975,1720169744,A
sn_30975,1720188824,A
sn_30975,1720191584,A
sn_30975,1720194324,A
sn_30975,1720196984,A
sn_30975,1720202504,A
sn_30975,1720205231,A
sn_30975,1720213414,A
sn_30975,1720216140,A
sn_30975,1720224320,A
sn_30975,1720226985,A
sn_30975,1720229747,A
sn_30975,1720235229,A
sn_30975,1720237905,A
sn_30975,1720240664,A
sn_30975,1720246062,A
sn_30975,1720256977,A
sn_30975,1720259745,A
sn_30975,1720262499,A
sn_30975,1720265224,A
sn_30975,1720267905,A
sn_30975,1720270663,A
sn_30975,1720295224,A
sn_30975,1720300666,A
sn_30975,1720303404,A
sn_30975,1720306068,A
sn_30975,1720319752,A
sn_30975,1720322493,A
sn_30975,1720325218,A
sn_30975,1720327904,A
sn_30975,1720330665,A
sn_30975,1720336065,A
sn_30975,1720341580,A
sn_30975,1720344310,A
sn_30975,1720366064,A
sn_30975,1720371579,A
sn_30975,1720393393,A
sn_30975,1720415151,A
sn_30975,1720434299,A
sn_30975,1720461569,A
sn_30975,1720464298,A
sn_30975,1720472478,A
sn_30975,1720475144,A
sn_30975,1720480656,A
sn_30975,1720805145,A
sn_30975,1720810628,A
sn_30975,1720889708,A
sn_30975,1720979699,A
sn_30975,1721350546,A
sn_30975,1721383295,A
sn_30975,1721405111,A
sn_30975,1721418704,A
sn_30975,1721486870,A
sn_30975,1721495103,A
sn_30975,1721500553,A
sn_30975,1721522371,A
sn_30975,1721525099,A
sn_30975,1721527805,A
sn_30975,1721538720,A
sn_30975,1721563279,A
sn_30975,1721631455,A
sn_30975,1721664179,A
sn_30975,1721696865,A
sn_30975,1721743259,A
sn_49842,1721615045,A
sn_49842,1721647754,A
sn_49842,1721664163,A
sn_61093,1721687926,A
sn_22038,1717359586,A
sn_22038,1717650018,A
sn_22038,1720390501,A
sn_22065,1720581201,A
sn_22065,1720584120,A
sn_22065,1720586656,A
sn_22065,1720589636,A
sn_22065,1720592391,A
sn_22065,1720595176,A
sn_22065,1720597901,A
sn_22065,1720600325,A
sn_22065,1720603320,A
sn_22065,1720605827,A
sn_22065,1720608471,A
sn_22065,1720611368,A
sn_22065,1720614068,A
sn_22065,1720617009,A
sn_22065,1720619529,A
sn_22065,1720622462,A
sn_22065,1720625169,A
sn_22065,1720704272,A
sn_22065,1720707002,A
sn_22065,1720708542,A
sn_22065,1721211361,A
sn_22065,1721214124,A
sn_22065,1721216626,A
sn_22065,1721222115,A
sn_22065,1721224781,A
sn_22065,1721255109,A
sn_22065,1721263035,A
sn_22065,1721266019,A
sn_22065,1721268683,A
sn_22065,1721271237,A
sn_22065,1721274094,A
sn_22065,1721276867,A
sn_22065,1721279474,A
sn_22065,1721282274,A
sn_22065,1721283355,A
sn_59886,1718569657,A
sn_39062,1718236115,A
sn_63184,1721898700,A
sn_63184,1721906832,A
sn_63184,1721920503,A
sn_41338,1722089471,A
sn_72842,1722283156,B
sn_54496,1718110627,A
sn_54496,1718113596,A
sn_54496,1718116339,A
sn_54496,1718142268,A
sn_54496,1718166979,A
sn_60130,1717303671,A
sn_60130,1717410025,A
sn_7016,1720835169,A
sn_7016,1720840398,A
sn_7016,1720847397,A
sn_53980,1718172688,A
sn_18128,1722228605,A
sn_53901,1718705296,A
sn_53901,1718708082,A
sn_53901,1718710503,A
sn_53901,1718714781,A
sn_53901,1718721742,A
sn_53901,1718726682,A
sn_53901,1718731311,A
sn_53901,1718759781,A
sn_32251,1720679519,A
sn_60855,1720961040,A
sn_60855,1720968638,A
sn_60855,1720989206,A
sn_39369,1722168662,A
sn_2789,1719736063,A
sn_2789,1719781888,A
sn_62940,1720458746,A
sn_45619,1718618057,A
sn_45619,1718620266,A
sn_45619,1718623564,A
sn_10064,1717336425,A
sn_10064,1717339095,A
sn_10064,1717341695,A
sn_10064,1717344576,A
sn_56669,1717180505,A
sn_56669,1717202585,A
sn_56669,1717212910,A
sn_56669,1717221786,A
sn_56669,1717260154,A
sn_56669,1717298228,A
sn_56669,1717309954,A
sn_56669,1717314550,A
sn_56669,1717317137,A
sn_56669,1717319219,A
sn_56669,1717336311,A
sn_56669,1717361311,A
sn_56669,1717387332,A
sn_56669,1717398704,A
sn_56669,1717420570,A
sn_56669,1717435736,A
sn_56669,1717454063,A
sn_56669,1717472686,A
sn_56669,1717498652,A
sn_56669,1717500572,A
sn_56669,1717508447,A
sn_56669,1717539155,A
sn_56669,1717549104,A
sn_56669,1717551440,A
sn_56669,1717554504,A
sn_56669,1717598016,A
sn_56669,1717599423,A
sn_56669,1717603001,A
sn_56669,1717609275,A
sn_56669,1717648945,A
sn_56669,1717669004,A
sn_56669,1717675609,A
sn_56669,1717712256,A
sn_56669,1717758380,A
sn_56669,1717831209,A
sn_56669,1717836142,A
sn_56669,1717840829,A
sn_56669,1717846344,A
sn_56669,1717862802,A
sn_56669,1717887417,A
sn_56669,1717900388,A
sn_56669,1717945227,A
sn_56669,1717995683,A
sn_56669,1718125604,A
sn_56669,1718162250,A
sn_56669,1718178720,A
sn_56669,1718180046,A
sn_56669,1718197889,A
sn_56669,1718204290,A
sn_56669,1718210798,A
sn_56669,1718228098,A
sn_56669,1718263348,A
sn_56669,1718367147,A
sn_56669,1718367990,A
sn_56669,1718414463,A
sn_56669,1718427226,A
sn_56669,1718429504,A
sn_56669,1718448248,A
sn_56669,1718452910,A
sn_56669,1718471397,A
sn_56669,1718497783,A
sn_56669,1718500534,A
sn_56669,1718503134,A
sn_56669,1718514404,A
sn_56669,1718519904,A
sn_56669,1718541760,A
sn_56669,1718544130,A
sn_56669,1718632103,A
sn_56669,1718721376,A
sn_56669,1718765937,A
sn_56669,1718770375,A
sn_56669,1718843504,A
sn_56669,1718870028,A
sn_56669,1718874219,A
sn_56669,1718875970,A
sn_56669,1718887959,A
sn_56669,1718923293,A
sn_56669,1718931459,A
sn_56669,1718942256,A
sn_56669,1718956599,A
sn_56669,1719065722,A
sn_56669,1719083873,A
sn_56669,1719239187,A
sn_56669,1719313355,A
sn_56669,1719327304,A
sn_56669,1719338006,A
sn_56669,1719340729,A
sn_56669,1719343233,A
sn_56669,1719346019,A
sn_56669,1719348892,A
sn_56669,1719591659,A
sn_56669,1719698001,A
sn_56669,1720668797,A
sn_56669,1721282359,A
sn_56669,1721448695,A
sn_56669,1721462373,A
sn_56669,1721483957,A
sn_56669,1721672357,A
sn_56669,1721770487,A
sn_56669,1722081405,A
sn_56669,1722441551,A
sn_54680,1717333519,A
sn_54680,1717431826,A
sn_33928,1718041214,A
sn_33928,1718091669,A
sn_35533,1719945653,A
sn_35533,1719967981,A
sn_35533,1719978657,A
sn_48720,1718590839,A
sn_48720,1718604485,A
sn_48720,1718612666,A
sn_48720,1718773509,A
sn_48720,1718776285,A
sn_48720,1718803533,A
sn_63528,1719460278,A
sn_50392,1718312662,A
sn_65901,1719190724,B
sn_65901,1719192869,B
sn_65901,1719196176,B
sn_65901,1719197480,B
sn_65901,1719209877,B
sn_65901,1719253160,B
sn_45244,1719978827,A
sn_45244,1719981486,A
sn_45244,1719984228,A
sn_45244,1719986551,A
sn_45244,1719992265,A
sn_45244,1719996465,A
sn_45244,1720000065,A
sn_45244,1720004628,A
sn_45244,1720020751,A
sn_45244,1720027832,A
sn_45244,1720030665,A
sn_55359,1717807935,A
sn_55359,1717810533,A
sn_55359,1717814774,A
sn_70518,1718664388,B
sn_41049,1718770831,A
sn_27678,1720167036,A
sn_27678,1720169071,A
sn_27678,1720170516,A
sn_27678,1720177115,A
sn_27678,1720180260,A
sn_27678,1720195591,A
sn_27678,1720207024,A
sn_27678,1720220919,A
sn_27678,1720227993,A
sn_58903,1720733503,A
sn_31050,1720384125,A
sn_31050,1720442683,A
sn_15699,1720840330,A
sn_13759,1719411640,A
sn_13743,1720626695,A
sn_63478,1722441369,A
sn_42438,1719482474,A
sn_16729,1720259315,A
sn_16729,1720972839,A
sn_16729,1721538269,A
sn_16729,1722367088,A
sn_36140,1722321203,A
sn_891,1720294326,A
sn_891,1720319535,A
sn_891,1720321937,A
sn_16342,1718643681,A
sn_16342,1718749791,A
sn_16342,1719831495,A
sn_16342,1720262804,A
sn_29736,1721475975,A
sn_69187,1717547374,B
sn_62765,1720282364,A
sn_3915,1721028765,A
sn_3915,1721031465,A
sn_3915,1721034211,A
sn_3915,1721035927,A
sn_3915,1721038805,A
sn_3915,1721042260,A
sn_3915,1721044922,A
sn_3915,1721047652,A
sn_3915,1721050327,A
sn_3915,1721053061,A
sn_3915,1721055722,A
sn_3915,1721058468,A
sn_3915,1721066505,A
sn_40687,1721178021,A
sn_71672,1718019837,B
sn_71672,1718053605,B
sn_24351,1718581463,A
sn_55617,1717923614,A
sn_55617,1718008007,A
sn_55617,1718092400,A
sn_55617,1718176794,A
sn_55617,1718261187,A
sn_55617,1718345580,A
sn_55617,1718429974,A
sn_55617,1718514367,A
sn_55617,1718683154,A
sn_55617,1718767547,A
sn_55617,1718851941,A
sn_68963,1717452073,B
sn_62137,1720567611,A
sn_33265,1717468212,A
sn_48327,1721936547,A
sn_48327,1721938543,A
sn_48327,1721941431,A
sn_48327,1721945026,A
sn_48327,1721952954,A
sn_48327,1721955823,A
sn_48327,1721963396,A
sn_48327,1721973936,A
sn_48327,1722021333,A
sn_46453,1720682178,A
sn_26243,1722310370,A
sn_26243,1722338533,A
sn_61981,1717456192,A
sn_61981,1717458959,A
sn_61981,1717464251,A
sn_61981,1717467264,A
sn_61981,1717535501,A
sn_61981,1717554578,A
sn_61981,1717746273,A
sn_61981,1717750915,A
sn_61981,1717755155,A
sn_61981,1717764247,A
sn_61981,1717789103,A
sn_61981,1717799877,A
sn_61981,1717802639,A
sn_61981,1717805405,A
sn_61981,1717808173,A
sn_61981,1717810849,A
sn_61981,1717819105,A
sn_61981,1717821768,A
sn_61981,1717832656,A
sn_61981,1717838044,A
sn_61981,1717854503,A
sn_61981,1717873616,A
sn_61981,1717876192,A
sn_61981,1717888914,A
sn_61981,1718157732,A
sn_61981,1718465398,A
sn_61981,1718568667,A
sn_61981,1718571761,A
sn_61981,1718577006,A
sn_61981,1718631588,A
sn_61981,1718669867,A
sn_61981,1718718948,A
sn_61981,1718724473,A
sn_61981,1718727125,A
sn_61981,1718732649,A
sn_61981,1718746189,A
sn_61981,1718748838,A
sn_61981,1718759919,A
sn_61981,1718770824,A
sn_61981,1718776219,A
sn_61981,1718888093,A
sn_61981,1718890791,A
sn_61981,1718898994,A
sn_61981,1718928951,A
sn_61981,1718931610,A
sn_61981,1718939150,A
sn_61981,1718941132,A
sn_61981,1719687041,A
sn_61981,1719689683,A
sn_61981,1719774356,A
sn_61981,1719804353,A
sn_61981,1719823449,A
sn_61981,1719837043,A
sn_61981,1719861145,A
sn_61981,1719867047,A
sn_61981,1719886113,A
sn_61981,1719891624,A
sn_61981,1719927011,A
sn_61981,1719929630,A
sn_61981,1719932521,A
sn_61981,1719940572,A
sn_61981,1719992526,A
sn_61981,1719994837,A
sn_61981,1720002612,A
sn_61981,1720016998,A
sn_61981,1720024925,A
sn_61981,1720027922,A
sn_61981,1720030700,A
sn_61981,1720035601,A
sn_61981,1720074168,A
sn_61981,1720123376,A
sn_61981,1720205065,A
sn_61981,1720411207,A
sn_61981,1720436432,A
sn_61981,1720483372,A
sn_61981,1720488836,A
sn_61981,1720491534,A
sn_61981,1720494258,A
sn_61981,1720496795,A
sn_61981,1720505202,A
sn_61981,1720535164,A
sn_61981,1720537924,A
sn_61981,1720554278,A
sn_61981,1720586578,A
sn_61981,1720624721,A
sn_61981,1720739685,A
sn_61981,1720750611,A
sn_61981,1720758769,A
sn_61981,1720761491,A
sn_61981,1720764156,A
sn_61981,1720772438,A
sn_61981,1720777825,A
sn_61981,1720788762,A
sn_61981,1720791533,A
sn_61981,1720794263,A
sn_61981,1720804714,A
sn_61981,1720807795,A
sn_61981,1720810574,A
sn_61981,1720829331,A
sn_61981,1720859689,A
sn_61981,1720864925,A
sn_61981,1720867860,A
sn_61981,1720900605,A
sn_61981,1720922430,A
sn_61981,1720930578,A
sn_61981,1720933334,A
sn_61981,1720938480,A
sn_61981,1720944245,A
sn_61981,1720946877,A
sn_61981,1720955040,A
sn_61981,1720960587,A
sn_61981,1720966023,A
sn_61981,1720968531,A
sn_61981,1720973760,A
sn_61981,1720976877,A
sn_61981,1721028774,A
sn_61981,1721034239,A
sn_61981,1721039545,A
sn_61981,1721042280,A
sn_61981,1721045084,A
sn_61981,1721047807,A
sn_61981,1721056022,A
sn_61981,1721061287,A
sn_61981,1721094836,A
sn_61981,1721615417,A
sn_61981,1721664152,A
sn_61981,1721772979,A
sn_61981,1721789537,A
sn_61981,1721793852,A
sn_61981,1721800431,A
sn_61981,1721808641,A
sn_61981,1721865971,A
sn_61981,1721868615,A
sn_61981,1722037025,A
sn_61981,1722209327,A
sn_21683,1718555335,A
sn_33186,1719146190,A
sn_22114,1720384133,A
sn_4387,1720691721,A
sn_7625,1718487182,A
sn_7625,1718489920,A
sn_7625,1718492661,A
sn_7625,1718495181,A
sn_7625,1718498077,A
sn_7625,1718500821,A
sn_7625,1718503490,A
sn_7625,1718506036,A
sn_7625,1718508871,A
sn_7625,1718511390,A
sn_7625,1718514402,A
sn_7625,1718515478,A
sn_7625,1718518821,A
sn_7625,1718525301,A
sn_7625,1718528063,A
sn_10532,1719390832,A
sn_10532,1719395257,A
sn_10532,1719398031,A
sn_10532,1719400656,A
sn_10532,1719403468,A
sn_10532,1719406222,A
sn_10532,1719408936,A
sn_10532,1719411626,A
sn_10532,1719414380,A
sn_10532,1719417129,A
sn_10532,1719419857,A
sn_10532,1719422555,A
sn_10532,1719425310,A
sn_10532,1719428018,A
sn_10532,1719430679,A
sn_10532,1719433425,A
sn_10532,1719436050,A
sn_10532,1719438848,A
sn_10532,1719441611,A
sn_10532,1719444367,A
sn_10532,1719447097,A
sn_10532,1719449849,A
sn_10532,1719452539,A
sn_10532,1719455125,A
sn_10532,1719457778,A
sn_10532,1719460703,A
sn_10532,1719463408,A
sn_10532,1719466074,A
sn_10532,1719468944,A
sn_10532,1719471565,A
sn_10532,1719476967,A
sn_10532,1719479745,A
sn_10532,1719482379,A
sn_10532,1719485296,A
sn_10532,1719488033,A
sn_10532,1719490703,A
sn_10532,1719496206,A
sn_10532,1719498941,A
sn_10532,1719501622,A
sn_10532,1719504366,A
sn_10532,1719507096,A
sn_10532,1719509770,A
sn_10532,1719512549,A
sn_10532,1719515300,A
sn_10532,1719518027,A
sn_10532,1719520702,A
sn_10532,1719523456,A
sn_10532,1719526189,A
sn_10532,1719528936,A
sn_10532,1719531621,A
sn_10532,1719534381,A
sn_10532,1719536974,A
sn_10532,1719539778,A
sn_10532,1719542486,A
sn_10532,1719544764,A
sn_10532,1719547784,A
sn_10532,1719550285,A
sn_10532,1719553284,A
sn_10532,1719556045,A
sn_10532,1719558804,A
sn_10532,1719560964,A
sn_10532,1719569774,A
sn_10532,1719575296,A
sn_10532,1719578022,A
sn_10532,1719580708,A
sn_10532,1719583467,A
sn_10532,1719586204,A
sn_10532,1719588861,A
sn_10532,1719591622,A
sn_10532,1719594372,A
sn_10532,1719597109,A
sn_10532,1719599773,A
sn_10532,1719602532,A
sn_10532,1719605290,A
sn_10532,1719608020,A
sn_10532,1719613445,A
sn_10532,1719638018,A
sn_10532,1719648683,A
sn_10532,1719656724,A
sn_10532,1719659725,A
sn_10532,1719662531,A
sn_10532,1719665034,A
sn_10532,1719668005,A
sn_10532,1719670694,A
sn_10532,1719673453,A
sn_10532,1719676193,A
sn_10532,1719678846,A
sn_10532,1719681605,A
sn_10532,1719684245,A
sn_10532,1719687100,A
sn_10532,1719689765,A
sn_10532,1719692525,A
sn_10532,1719695284,A
sn_10532,1719697883,A
sn_10532,1719700438,A
sn_10532,1719703283,A
sn_10532,1719706162,A
sn_10532,1719708698,A
sn_10532,1719711228,A
sn_10532,1719714129,A
sn_10532,1719716633,A
sn_10532,1719719157,A
sn_10532,1719722509,A
sn_10532,1719723828,A
sn_10532,1719727428,A
sn_10532,1719732833,A
sn_10532,1719734628,A
sn_10532,1719744084,A
sn_10532,1719746725,A
sn_10532,1719749483,A
sn_10532,1719752483,A
sn_10532,1719754808,A
sn_10532,1719756608,A
sn_10532,1719760284,A
sn_10532,1719763433,A
sn_10532,1719766162,A
sn_10532,1719768833,A
sn_10532,1719771562,A
sn_10532,1719774324,A
sn_10532,1719776846,A
sn_10532,1719779766,A
sn_10532,1719782247,A
sn_10532,1719785274,A
sn_10532,1719787924,A
sn_10532,1719790525,A
sn_10532,1719793209,A
sn_10532,1719795925,A
sn_10532,1719797628,A
sn_10532,1719801465,A
sn_10532,1719803893,A
sn_10532,1719806633,A
sn_10532,1719812032,A
sn_10532,1719814557,A
sn_10532,1719819947,A
sn_10532,1719828850,A
sn_10532,1719831565,A
sn_10532,1719834362,A
sn_10532,1719839774,A
sn_10532,1719842540,A
sn_10532,1719845269,A
sn_10532,1719847937,A
sn_10532,1719850701,A
sn_10532,1719853451,A
sn_10532,1719856178,A
sn_10532,1719858860,A
sn_10532,1719861615,A
sn_10532,1719864255,A
sn_10532,1719867085,A
sn_10532,1719869772,A
sn_10532,1719872507,A
sn_10532,1719875246,A
sn_10532,1719877767,A
sn_10532,1719880540,A
sn_10532,1719882563,A
sn_10532,1719886069,A
sn_10532,1719888563,A
sn_10532,1719891588,A
sn_10532,1719894355,A
sn_10532,1719896993,A
sn_10532,1719898432,A
sn_10532,1719902028,A
sn_10532,1719905002,A
sn_10532,1719907434,A
sn_10532,1719910047,A
sn_10532,1719913433,A
sn_10532,1719916168,A
sn_10532,1719918851,A
sn_10532,1719921610,A
sn_10532,1719924326,A
sn_10532,1719927000,A
sn_10532,1719929774,A
sn_10532,1719932534,A
sn_10532,1719935257,A
sn_10532,1719937931,A
sn_10532,1719940695,A
sn_10532,1719943442,A
sn_10532,1719946169,A
sn_10532,1719948850,A
sn_10532,1719951611,A
sn_10532,1719954345,A
sn_10532,1719957009,A
sn_10532,1719959724,A
sn_10532,1719962531,A
sn_10532,1719965255,A
sn_10532,1719967931,A
sn_10532,1719970684,A
sn_10532,1719973408,A
sn_10532,1719976163,A
sn_10532,1719978849,A
sn_10532,1719981562,A
sn_10532,1719984344,A
sn_10532,1719987009,A
sn_10532,1719989771,A
sn_10532,1719992491,A
sn_10532,1719995244,A
sn_10532,1719997644,A
sn_10532,1720000545,A
sn_10532,1720003435,A
sn_10532,1720006091,A
sn_10532,1720008851,A
sn_10532,1720011610,A
sn_10532,1720014342,A
sn_10532,1720017009,A
sn_10532,1720019772,A
sn_10532,1720022522,A
sn_10532,1720025248,A
sn_10532,1720027933,A
sn_10532,1720030692,A
sn_10532,1720033430,A
sn_10532,1720036095,A
sn_10532,1720038831,A
sn_10532,1720041599,A
sn_10532,1720044325,A
sn_10532,1720046978,A
sn_10532,1720049724,A
sn_10532,1720052504,A
sn_10532,1720055125,A
sn_10532,1720057921,A
sn_10532,1720060645,A
sn_10532,1720063402,A
sn_10532,1720065971,A
sn_10532,1720071608,A
sn_10532,1720074335,A
sn_10532,1720077009,A
sn_10532,1720079772,A
sn_10532,1720082517,A
sn_10532,1720085245,A
sn_10532,1720087932,A
sn_10532,1720090696,A
sn_10532,1720093426,A
sn_10532,1720096093,A
sn_10532,1720098853,A
sn_10532,1720101604,A
sn_10532,1720104332,A
sn_10532,1720107012,A
sn_10532,1720109774,A
sn_10532,1720112512,A
sn_10532,1720115172,A
sn_10532,1720117934,A
sn_10532,1720120696,A
sn_10532,1720123423,A
sn_10532,1720126098,A
sn_10532,1720128853,A
sn_10532,1720131600,A
sn_10532,1720134330,A
sn_10532,1720137010,A
sn_10532,1720139772,A
sn_10532,1720142510,A
sn_10532,1720145172,A
sn_10532,1720147932,A
sn_10532,1720150691,A
sn_10532,1720153419,A
sn_10532,1720156092,A
sn_10532,1720158849,A
sn_10532,1720161600,A
sn_10532,1720164325,A
sn_10532,1720167009,A
sn_10532,1720169771,A
sn_10532,1720172505,A
sn_10532,1720175179,A
sn_10532,1720177933,A
sn_10532,1720180690,A
sn_10532,1720183415,A
sn_10532,1720186101,A
sn_10532,1720188862,A
sn_10532,1720191597,A
sn_10532,1720194264,A
sn_10532,1720197022,A
sn_10532,1720199779,A
sn_10532,1720202506,A
sn_10532,1720205180,A
sn_10532,1720207938,A
sn_10532,1720210688,A
sn_10532,1720213412,A
sn_10532,1720216098,A
sn_10532,1720218860,A
sn_10532,1720221594,A
sn_10532,1720224252,A
sn_10532,1720227010,A
sn_10532,1720229756,A
sn_10532,1720232504,A
sn_10532,1720235171,A
sn_10532,1720237930,A
sn_10532,1720240648,A
sn_10532,1720243408,A
sn_10532,1720246064,A
sn_10532,1720248843,A
sn_10532,1720251593,A
sn_10532,1720254249,A
sn_10532,1720257004,A
sn_10532,1720259767,A
sn_10532,1720262499,A
sn_10532,1720265173,A
sn_10532,1720267935,A
sn_10532,1720270682,A
sn_10532,1720273406,A
sn_10532,1720276092,A
sn_10532,1720281579,A
sn_10532,1720284237,A
sn_10532,1720287004,A
sn_10532,1720289728,A
sn_10532,1720292245,A
sn_10532,1720295151,A
sn_10532,1720297927,A
sn_10532,1720300527,A
sn_10532,1720303405,A
sn_10532,1720305946,A
sn_10532,1720308850,A
sn_10532,1720311449,A
sn_10532,1720314245,A
sn_10532,1720316634,A
sn_10532,1720319751,A
sn_10532,1720322363,A
sn_10532,1720325145,A
sn_10532,1720327551,A
sn_10532,1720330645,A
sn_10532,1720332809,A
sn_10532,1720335841,A
sn_10532,1720338335,A
sn_10532,1720343034,A
sn_10532,1720346725,A
sn_10532,1720349725,A
sn_10532,1720352040,A
sn_10532,1720355124,A
sn_10532,1720357929,A
sn_10532,1720359803,A
sn_10532,1720363080,A
sn_10532,1720366081,A
sn_10532,1720368844,A
sn_10532,1720371204,A
sn_10532,1720374240,A
sn_10532,1720379761,A
sn_10532,1720382404,A
sn_10532,1720385126,A
sn_10532,1720387764,A
sn_10532,1720390646,A
sn_10532,1720393283,A
sn_10532,1720396072,A
sn_10532,1720398843,A
sn_10532,1720401562,A
sn_10532,1720404249,A
sn_10532,1720407009,A
sn_10532,1720409734,A
sn_10532,1720412484,A
sn_10532,1720417883,A
sn_10532,1720420648,A
sn_10532,1720423324,A
sn_10532,1720426090,A
sn_10532,1720428843,A
sn_10532,1720431568,A
sn_10532,1720434249,A
sn_10532,1720437009,A
sn_10532,1720439755,A
sn_10532,1720442410,A
sn_10532,1720445156,A
sn_10532,1720447915,A
sn_10532,1720450663,A
sn_10532,1720453334,A
sn_10532,1720456095,A
sn_10532,1720458840,A
sn_10532,1720461570,A
sn_10532,1720464255,A
sn_10532,1720467012,A
sn_10532,1720469726,A
sn_10532,1720472409,A
sn_10532,1720475167,A
sn_10532,1720477884,A
sn_10532,1720480439,A
sn_10532,1720483045,A
sn_10532,1720486058,A
sn_10532,1720488828,A
sn_10532,1720491454,A
sn_10532,1720494228,A
sn_10532,1720496643,A
sn_10532,1720499633,A
sn_10532,1720501430,A
sn_10532,1720510449,A
sn_10532,1720518085,A
sn_10532,1720521444,A
sn_10532,1720523624,A
sn_10532,1720526988,A
sn_10532,1720529724,A
sn_10532,1720532409,A
sn_10532,1720535124,A
sn_10532,1720537915,A
sn_10532,1720540643,A
sn_10532,1720543331,A
sn_10532,1720546069,A
sn_10532,1720548803,A
sn_10532,1720551349,A
sn_10532,1720554203,A
sn_10532,1720556760,A
sn_10532,1720559639,A
sn_10532,1720562383,A
sn_10532,1720564884,A
sn_10532,1720567920,A
sn_10532,1720570645,A
sn_10532,1720573330,A
sn_10532,1720576058,A
sn_10532,1720578833,A
sn_10532,1720581492,A
sn_10532,1720584249,A
sn_10532,1720587008,A
sn_10532,1720589723,A
sn_10532,1720597908,A
sn_10532,1720598628,A
sn_10532,1720605840,A
sn_10532,1720608830,A
sn_10532,1720609093,A
sn_53457,1722212306,A
sn_47465,1719411670,A
sn_47465,1719414389,A
sn_47465,1719417071,A
sn_47465,1719419833,A
sn_47465,1719422545,A
sn_47465,1719424064,A
sn_47465,1719429943,A
sn_65114,1718170263,A
sn_65114,1718826346,A
sn_65114,1719452531,A
sn_65114,1720093316,A
sn_65114,1720335397,A
sn_11928,1721475991,A
sn_11928,1721478742,A
sn_11928,1721481370,A
sn_11928,1721484001,A
sn_11928,1721486886,A
sn_11928,1721489289,A
sn_11928,1721495079,A
sn_11928,1721497735,A
sn_8743,1719231491,A
sn_45704,1717999069,A
sn_45704,1718274504,A
sn_45704,1718391709,A
sn_45704,1719316194,A
sn_45704,1719324249,A
sn_45704,1721181489,A
sn_45704,1721295969,A
sn_45704,1721304144,A
sn_45704,1721961354,A
sn_46376,1720892142,A
sn_38298,1719373111,A
sn_38298,1719855669,A
sn_38298,1721110352,A
sn_2191,1717317340,A
sn_2191,1719916129,A
sn_2191,1719927053,A
sn_54976,1718737997,A
sn_54976,1718740823,A
sn_54976,1718743406,A
sn_54976,1718748954,A
sn_54976,1718751610,A
sn_54976,1718753143,A
sn_54976,1718754956,A
sn_54976,1718759629,A
sn_54976,1718762128,A
sn_61062,1720112456,A
sn_10240,1719444122,A
sn_10240,1719446876,A
sn_10240,1719454062,A
sn_10240,1719464855,A
sn_10240,1719481934,A
sn_72499,1717223371,B
sn_29631,1718983213,A
sn_70257,1719308630,B
sn_5303,1721952971,A
sn_5303,1721955175,A
sn_5303,1721957526,A
sn_5303,1721966797,A
sn_5303,1722023923,A
sn_16707,1722073186,A
sn_44522,1717732949,A
sn_44522,1719015024,A
sn_22180,1717813652,A
sn_22180,1718048156,A
sn_22180,1718053626,A
sn_49245,1717738957,A
sn_49245,1719106322,A
sn_49245,1719132968,A
sn_27194,1722329357,A
sn_27194,1722332284,A
sn_27194,1722345753,A
sn_27194,1722348289,A
sn_27194,1722356351,A
sn_28978,1721258595,A
sn_13702,1721394195,A
sn_21748,1722405902,A
sn_21748,1722433054,A
sn_40760,1718994101,A
sn_40760,1718996205,A
sn_19441,1717947267,A
sn_19441,1718337228,A
sn_7274,1719575653,A
sn_65850,1721368735,B
sn_57555,1719474348,A
sn_34444,1719613446,A
sn_34444,1719614769,A
sn_1518,1722008247,A
sn_42824,1720930517,A
sn_42824,1720933297,A
sn_42824,1720971219,A
sn_22294,1719924270,A
sn_49847,1719332540,A
sn_49847,1719534384,A
sn_49847,1719812545,A
sn_49847,1719935259,A
sn_49847,1720096104,A
sn_49847,1720895164,A
sn_49847,1721298745,A
sn_52526,1721104872,A
sn_38448,1718448778,A
sn_11132,1719976747,A
sn_36017,1717914462,A
sn_36017,1717998828,A
sn_36017,1719411610,A
sn_36017,1719498831,A
sn_36017,1719536955,A
sn_36017,1720494239,A
sn_36017,1720614242,A
sn_36017,1720698821,A
sn_36017,1720766892,A
sn_36017,1720791492,A
sn_36017,1720897761,A
sn_36017,1721200562,A
sn_36017,1721636732,A
sn_36017,1721655676,A
sn_36017,1721898432,A
sn_56889,1717290064,A
sn_14622,1722029578,A
sn_15618,1717240917,A
sn_15618,1718609849,A
sn_15618,1718841718,A
sn_26589,1721589146,A
sn_26589,1722011937,A
sn_24371,1721797790,A
sn_24371,1721800476,A
sn_24371,1721803105,A
sn_24371,1721811012,A
sn_22326,1718258123,A
sn_22326,1718260883,A
sn_22326,1718263139,A
sn_22326,1718265297,A
sn_22326,1718326030,A
sn_35328,1720891756,A
sn_35328,1720894433,A
sn_35328,1720898113,A
sn_10506,1720976813,A
sn_10506,1720979505,A
sn_10506,1720982002,A
sn_10506,1720987700,A
sn_10506,1721006972,A
sn_10506,1721014707,A
sn_18044,1720134504,A
sn_68548,1721581194,B
sn_68548,1721590574,B
sn_68548,1721606910,B
sn_7607,1718941197,A
sn_7607,1718943474,A
sn_7607,1718982113,A
sn_7607,1719142794,A
sn_7607,1719195474,A
sn_64994,1717707267,A
sn_48708,1720608824,A
sn_48708,1720933316,A
sn_48708,1720963292,A
sn_48708,1720966052,A
sn_37325,1719579785,A
sn_38275,1721238699,A
sn_38275,1721241193,A
sn_38275,1721244209,A
sn_38275,1721249593,A
sn_38275,1721252353,A
sn_38275,1721259829,A
sn_38275,1721263300,A
sn_38275,1721270478,A
sn_38275,1721279473,A
sn_35323,1720998246,A
sn_35323,1721007752,A
sn_35323,1721012406,A
sn_35323,1721031981,A
sn_35323,1721036896,A
sn_35323,1721050571,A
sn_35323,1721054176,A
sn_35323,1721132431,A
sn_35323,1721255093,A
sn_35323,1721265846,A
sn_35323,1721268726,A
sn_35323,1721278373,A
sn_35323,1721284566,A
sn_68452,1717603424,B
sn_68452,1717838590,B
sn_68452,1718066840,B
sn_9370,1720733503,A
sn_27279,1719858320,A
sn_27279,1719859790,A
sn_43439,1717336412,A
sn_43439,1721358752,A
sn_43439,1721541428,A
sn_43439,1721808694,A
sn_43439,1722187762,A
sn_35518,1719787318,A
sn_21894,1722170947,A
sn_16038,1721822313,A
sn_16038,1721835730,A
sn_128,1717382786,A
sn_128,1717404482,A
sn_128,1717521775,A
sn_128,1717525899,A
sn_14904,1718018150,A
sn_67661,1720281568,B
sn_67661,1720283452,B
sn_67661,1720286922,B
sn_67661,1720289581,B
sn_67661,1720297864,B
sn_67661,1720299481,B
sn_67661,1720305576,B
sn_67661,1720310281,B
sn_67661,1720317426,B
sn_67661,1720329733,B
sn_67661,1720337281,B
sn_67661,1720339982,B
sn_67661,1720373746,B
sn_56095,1721099658,A
sn_38255,1717562725,A
sn_38255,1717579129,A
sn_38255,1717616111,A
sn_38255,1717652701,A
sn_38255,1717655341,A
sn_38255,1717824902,A
sn_38255,1717853702,A
sn_38255,1718148902,A
sn_38255,1718159702,A
sn_38255,1718164502,A
sn_38255,1718170502,A
sn_38255,1718204853,A
sn_38255,1718208327,A
sn_38255,1718217087,A
sn_38255,1718236023,A
sn_38255,1718238902,A
sn_38255,1718241787,A
sn_38255,1718243102,A
sn_38255,1718257862,A
sn_38255,1718277062,A
sn_38255,1718279972,A
sn_38255,1718282102,A
sn_38255,1718310902,A
sn_38255,1718315260,A
sn_38255,1718318102,A
sn_38255,1718344862,A
sn_38255,1718350867,A
sn_38255,1718487093,A
sn_38255,1718489223,A
sn_38255,1718499424,A
sn_38255,1718505542,A
sn_38255,1718509029,A
sn_38255,1718510582,A
sn_38255,1718513462,A
sn_38255,1718516942,A
sn_38255,1718525342,A
sn_38255,1718530502,A
sn_38255,1718544472,A
sn_38255,1718552234,A
sn_38255,1718556327,A
sn_38255,1718999988,A
sn_38255,1719014628,A
sn_38255,1719021348,A
sn_38255,1719038388,A
sn_38255,1719042702,A
sn_38255,1719056748,A
sn_38255,1719061049,A
sn_38255,1719073528,A
sn_38255,1719073669,A
sn_38255,1719080028,A
sn_38255,1719084062,A
sn_38255,1719086271,A
sn_38255,1719101388,A
sn_38255,1719124070,A
sn_38255,1719125866,A
sn_38255,1719206342,A
sn_38255,1719217382,A
sn_38255,1719218942,A
sn_38255,1719222062,A
sn_38255,1719225683,A
sn_38255,1719228902,A
sn_38255,1719236223,A
sn_38255,1719239864,A
sn_38255,1719240469,A
sn_38255,1719258948,A
sn_38255,1719261423,A
sn_38255,1719264182,A
sn_38255,1719269844,A
sn_38255,1719278008,A
sn_38255,1719280742,A
sn_38255,1719299343,A
sn_38255,1719310623,A
sn_38255,1719313503,A
sn_38255,1719315933,A
sn_38255,1719327103,A
sn_38255,1719329703,A
sn_38255,1719335113,A
sn_38255,1719340768,A
sn_38255,1719342793,A
sn_38255,1719391743,A
sn_38255,1719509848,A
sn_38255,1719510542,A
sn_38255,1719776107,A
sn_38255,1719782508,A
sn_38255,1719790623,A
sn_38255,1719801308,A
sn_38255,1719804302,A
sn_38255,1719806748,A
sn_38255,1719812222,A
sn_38255,1719822908,A
sn_38255,1719866112,A
sn_38255,1719896703,A
sn_28278,1718356294,A
sn_12744,1718937145,A
sn_12744,1718939895,A
sn_12744,1718942532,A
sn_12744,1718945280,A
sn_12744,1718948068,A
sn_12744,1718950224,A
sn_12744,1718956064,A
sn_12744,1718976866,A
sn_13260,1721576175,A
sn_20349,1721053325,A
sn_20349,1721055941,A
sn_20349,1721058591,A
sn_64161,1719139756,A
sn_64161,1719395473,A
sn_64161,1719480712,A
sn_64161,1719651190,A
sn_45128,1718931724,A
sn_60992,1719639791,A
sn_35916,1720194310,A
sn_35916,1720278838,A
sn_508,1718792644,A
sn_508,1718795372,A
sn_40805,1718115883,A
sn_40805,1718347972,A
sn_40805,1719545289,A
sn_40805,1720766988,A
sn_56475,1722353677,A
sn_48970,1718133877,A
sn_14123,1722266842,A
sn_26852,1721064220,A
sn_58015,1720509848,A
sn_9422,1717889986,A
sn_9422,1717902431,A
sn_1125,1717251183,A
sn_1125,1717845729,A
sn_1125,1718417950,A
sn_1125,1718422835,A
sn_1125,1718446130,A
sn_1125,1718521605,A
sn_1125,1718623515,A
sn_1125,1718628905,A
sn_1125,1718636465,A
sn_1125,1718644835,A
sn_1125,1718658645,A
sn_1125,1718686115,A
sn_1125,1718688635,A
sn_1125,1718694275,A
sn_1125,1718708100,A
sn_1125,1718715075,A
sn_1125,1718746280,A
sn_1125,1718765355,A
sn_1125,1718770115,A
sn_1125,1718784395,A
sn_1125,1718819435,A
sn_1125,1718938595,A
sn_2735,1720014343,A
sn_2735,1720017070,A
sn_2735,1720052498,A
sn_2735,1720055248,A
sn_2735,1720063429,A
sn_45059,1719828267,A
sn_45059,1720237851,A
sn_45059,1720286494,A
sn_45059,1720323279,A
sn_45059,1720409494,A
sn_45059,1720458572,A
sn_45059,1720581584,A
sn_45059,1720599135,A
sn_45059,1720659596,A
sn_45059,1720718201,A
sn_45059,1720747777,A
sn_45059,1720755741,A
sn_45059,1720834396,A
sn_45059,1720842257,A
sn_45059,1720921287,A
sn_45059,1720929210,A
sn_45059,1720979085,A
sn_45059,1720991139,A
sn_45059,1721010057,A
sn_45059,1721018320,A
sn_38773,1720188824,A
sn_38773,1720193782,A
sn_38773,1720201379,A
sn_2190,1721563965,A
sn_65827,1718513210,B
sn_20252,1720562401,A
sn_48227,1720750573,A
sn_48227,1720753326,A
sn_48227,1720777428,A
sn_18404,1717185387,A
sn_18404,1717221618,A
sn_18404,1717456343,A
sn_18404,1717486101,A
sn_18404,1717514898,A
sn_60151,1718825307,A
sn_39921,1720624985,A
sn_64361,1718419007,A
sn_33212,1717730382,A
sn_33212,1717734567,A
sn_33212,1717736982,A
sn_33212,1717739477,A
sn_33212,1717742022,A
sn_33212,1717744182,A
sn_33212,1717746462,A
sn_33212,1717750772,A
sn_33212,1717753057,A
sn_33212,1717755342,A
sn_141,1718571496,A
sn_51071,1718800824,A
sn_51071,1718871116,A
sn_51071,1718877149,A
sn_51071,1719134443,A
sn_51071,1719204115,A
sn_51071,1719207026,A
sn_51071,1719220000,A
sn_51071,1719278050,A
sn_51071,1719384499,A
sn_51071,1719398034,A
sn_51071,1719406914,A
sn_51071,1719456598,A
sn_51071,1719477114,A
sn_51071,1719499243,A
sn_51071,1719807045,A
sn_51071,1719807354,A
sn_51071,1719814916,A
sn_51071,1719817444,A
sn_51071,1719895231,A
sn_51071,1719907914,A
sn_51071,1719913074,A
sn_51071,1720001399,A
sn_51071,1720068880,A
sn_51071,1720074234,A
sn_51071,1720076544,A
sn_51071,1720083474,A
sn_44683,1720289515,A
sn_44683,1720308689,A
sn_44683,1720319701,A
sn_1555,1721178591,A
sn_1555,1721183630,A
sn_1555,1721197754,A
sn_1555,1721235548,A
sn_1555,1721237828,A
sn_42387,1720265167,A
sn_16481,1721451241,A
sn_16481,1721454071,A
sn_16481,1721459353,A
sn_16481,1721464758,A
sn_16481,1721466696,A
sn_16481,1721470520,A
sn_16481,1721473204,A
sn_16481,1721475072,A
sn_16481,1721477836,A
sn_16481,1721485784,A
sn_16481,1721487679,A
sn_16481,1721502446,A
sn_49053,1718331120,A
sn_69968,1721018675,B
sn_69968,1721036110,B
sn_69968,1721058776,B
sn_69968,1721082520,B
sn_34989,1719567100,A
sn_34989,1719575580,A
sn_34989,1719584278,A
sn_8130,1718087599,A
sn_8130,1718166451,A
sn_8130,1719299725,A
sn_8130,1719313459,A
sn_8130,1719554268,A
sn_8130,1719586412,A
sn_8130,1719667443,A
sn_8130,1719746013,A
sn_8130,1721999403,A
sn_8130,1722160060,A
sn_8130,1722332293,A
sn_8130,1722335013,A
sn_8130,1722348618,A
sn_29669,1717551815,A
sn_29669,1717553354,A
sn_62921,1717519076,A
sn_4090,1718735379,A
sn_57085,1719471494,A
sn_57085,1719473395,A
sn_57085,1719479734,A
sn_57085,1719482496,A
sn_57085,1719492939,A
sn_57085,1719503974,A
sn_57085,1719506978,A
sn_65583,1720821492,A
sn_72058,1720513209,B
sn_72058,1720526708,B
sn_45561,1717196548,A
sn_45561,1717308868,A
sn_45561,1717339138,A
sn_19487,1722225917,A
sn_16065,1722114114,A
sn_16065,1722116822,A
sn_16065,1722119447,A
sn_16065,1722124842,A
sn_16065,1722130248,A
sn_56296,1718308462,A
sn_56296,1718394035,A
sn_56296,1718479609,A
sn_56296,1718736329,A
sn_56296,1718907475,A
sn_56296,1719249769,A
sn_56296,1719335342,A
sn_56296,1719592062,A
sn_56296,1719848782,A
sn_56296,1720105502,A
sn_56296,1720191075,A
sn_56296,1720447795,A
sn_56296,1720533369,A
sn_56296,1720618942,A
sn_56296,1720704516,A
sn_56296,1720790089,A
sn_56296,1720961236,A
sn_56296,1721217956,A
sn_56296,1721560249,A
sn_56296,1721645822,A
sn_56296,1721731396,A
sn_56296,1721902542,A
sn_56296,1721988116,A
sn_56296,1722159262,A
sn_56296,1722330409,A
sn_58601,1718124408,A
sn_64768,1720398533,A
sn_67569,1722012883,B
sn_67569,1722013765,B
sn_67569,1722026188,B
sn_67569,1722053474,B
sn_36468,1717420488,A
sn_36468,1717592649,A
sn_36468,1717936969,A
sn_63157,1721584609,A
sn_18311,1720210636,A
sn_47617,1721662828,A
sn_50810,1722323890,A
sn_50810,1722326547,A
sn_50810,1722327248,A
sn_50810,1722334460,A
sn_50810,1722346140,A
sn_27898,1722015069,A
sn_27898,1722332230,A
sn_20055,1721511436,A
sn_20055,1721513112,A
sn_57353,1717491851,A
sn_22609,1722440860,A
sn_28011,1717617360,A
sn_28011,1717624874,A
sn_28011,1718064430,A
sn_28011,1718179735,A
sn_28011,1718236126,A
sn_28011,1718241103,A
sn_28011,1718246208,A
sn_28011,1718252581,A
sn_28011,1718255307,A
sn_28011,1718267553,A
sn_28011,1718365088,A
sn_28011,1719462900,A
sn_28011,1720186834,A
sn_28011,1720646977,A
sn_28011,1720799565,A
sn_51104,1717483628,A
sn_3738,1721562420,A
sn_21672,1721047855,A
sn_21672,1721050554,A
sn_21672,1721054066,A
sn_21672,1721056999,A
sn_50315,1720580980,A
sn_63774,1722272239,A
sn_63774,1722277665,A
sn_55390,1717322733,A
sn_55390,1717600903,A
sn_55390,1722018677,A
sn_53012,1719741636,A
sn_27263,1721396987,A
sn_27263,1721552367,A
sn_3282,1721412923,A
sn_3282,1721415515,A
sn_3282,1721416236,A
sn_45900,1719681524,A
sn_71963,1720392940,B
sn_9544,1721938461,A
sn_46867,1720472470,A
sn_46867,1720526981,A
sn_46867,1720529742,A
sn_46867,1720562381,A
sn_46867,1721028716,A
sn_46867,1721148685,A
sn_46867,1721151311,A
sn_28202,1717805441,A
sn_28202,1717824525,A
sn_28202,1717830015,A
sn_28202,1717832685,A
sn_28202,1717835445,A
sn_28202,1717857285,A
sn_28202,1717860010,A
sn_28202,1717870920,A
sn_28202,1717873605,A
sn_28202,1717884525,A
sn_28202,1717887280,A
sn_28202,1717890010,A
sn_28202,1717895445,A
sn_28202,1717898190,A
sn_28202,1717900845,A
sn_28202,1717903605,A
sn_28202,1717906366,A
sn_28202,1717909100,A
sn_28202,1717911766,A
sn_28202,1717914525,A
sn_28202,1717917280,A
sn_28202,1717920005,A
sn_28202,1717922685,A
sn_28202,1717947275,A
sn_28202,1717950005,A
sn_28202,1717952686,A
sn_28202,1718129925,A
sn_28202,1718146346,A
sn_28202,1718154525,A
sn_28202,1718157255,A
sn_28202,1718165435,A
sn_28202,1719905200,A
sn_28202,1719951620,A
sn_28202,1719978886,A
sn_28202,1720003366,A
sn_28202,1720014286,A
sn_28202,1720055205,A
sn_28202,1720098871,A
sn_28202,1721143321,A
sn_28202,1721208767,A
sn_28202,1721216920,A
sn_28202,1721233245,A
sn_28202,1721279672,A
sn_28202,1721358746,A
sn_28202,1721391400,A
sn_28202,1721906880,A
sn_44384,1717260042,A
sn_44384,1717289550,A
sn_9627,1717246421,A
sn_9627,1717249166,A
sn_9627,1717251818,A
sn_9627,1717349694,A
sn_9627,1717469814,A
sn_9627,1718631744,A
sn_9627,1718705017,A
sn_9627,1718803553,A
sn_9627,1718806224,A
sn_9627,1719910704,A
sn_9627,1720431097,A
sn_6956,1717628104,A
sn_6956,1718227638,A
sn_6956,1718473038,A
sn_6956,1718495338,A
sn_6956,1718533534,A
sn_6956,1718573098,A
sn_6956,1718579218,A
sn_6956,1718584618,A
sn_6956,1718757058,A
sn_6956,1718805298,A
sn_6956,1719403163,A
sn_6956,1719408898,A
sn_6956,1719463398,A
sn_6956,1719493383,A
sn_6956,1719552898,A
sn_6956,1719557698,A
sn_6956,1719561538,A
sn_6956,1719572134,A
sn_6956,1719611698,A
sn_6956,1719664998,A
sn_6956,1719738898,A
sn_6956,1719751858,A
sn_6956,1719766054,A
sn_6956,1719849418,A
sn_6956,1719907858,A
sn_6956,1720005778,A
sn_6956,1720023543,A
sn_6956,1720515778,A
sn_6956,1720543378,A
sn_6956,1720677908,A
sn_6956,1720711049,A
sn_6956,1720715818,A
sn_6956,1720785298,A
sn_6956,1721362414,A
sn_6956,1721535658,A
sn_6956,1721587618,A
sn_6956,1721609343,A
sn_6956,1721614738,A
sn_6956,1721635998,A
sn_6956,1721644858,A
sn_6956,1721663578,A
sn_6956,1721677498,A
sn_6956,1721705019,A
sn_6956,1721724058,A
sn_6956,1721726818,A
sn_6956,1721744343,A
sn_6956,1721751058,A
sn_6956,1721767664,A
sn_6956,1721778658,A
sn_6956,1721786818,A
sn_6956,1721797523,A
sn_6956,1721799908,A
sn_68921,1720734232,B
sn_68921,1720764231,B
sn_68921,1720916927,B
sn_68853,1718871533,B
sn_68853,1718873664,B
sn_68853,1718879294,B
sn_68853,1718881763,B
sn_68853,1718885100,B
sn_68853,1718888061,B
sn_68853,1718893461,B
sn_68853,1718900660,B
sn_63081,1719607955,A
sn_63081,1719610426,A
sn_63081,1719613351,A
sn_63081,1719616201,A
sn_63081,1719618846,A
sn_63081,1719626148,A
sn_63081,1719629533,A
sn_63081,1719634447,A
sn_63081,1719648466,A
sn_35405,1719457786,A
sn_60734,1720017056,A
sn_60734,1720521558,A
sn_50255,1717540870,A
sn_5248,1720717612,A
sn_56611,1721036906,A
sn_56611,1721042420,A
sn_56611,1721045150,A
sn_56611,1721053330,A
sn_56611,1721055986,A
sn_56611,1721061500,A
sn_3020,1720818643,A
sn_3020,1720820553,A
sn_3020,1720829583,A
sn_3020,1720865583,A
sn_33017,1722130473,A
sn_33017,1722144120,A
sn_33017,1722149560,A
sn_33017,1722152309,A
sn_33017,1722157716,A
sn_33017,1722165879,A
sn_33017,1722168638,A
sn_33017,1722176802,A
sn_33017,1722179560,A
sn_33017,1722182309,A
sn_33017,1722187721,A
sn_33017,1722190472,A
sn_33017,1722193214,A
sn_33017,1722195872,A
sn_33017,1722198639,A
sn_33017,1722201391,A
sn_33017,1722204122,A
sn_33017,1722206794,A
sn_33017,1722209553,A
sn_33017,1722212305,A
sn_33017,1722215030,A
sn_33017,1722225899,A
sn_33017,1722228652,A
sn_33017,1722231391,A
sn_33017,1722234119,A
sn_33017,1722236810,A
sn_33017,1722239566,A
sn_33017,1722242302,A
sn_33017,1722245030,A
sn_33017,1722250483,A
sn_33017,1722253206,A
sn_33017,1722255878,A
sn_33017,1722258638,A
sn_33017,1722261391,A
sn_33017,1722264115,A
sn_33017,1722266795,A
sn_33017,1722269554,A
sn_33017,1722272299,A
sn_33017,1722275024,A
sn_33017,1722277717,A
sn_33017,1722280477,A
sn_33017,1722285872,A
sn_33017,1722288636,A
sn_33017,1722291385,A
sn_33017,1722296794,A
sn_33017,1722304964,A
sn_33017,1722310465,A
sn_33017,1722315883,A
sn_33017,1722321385,A
sn_33017,1722324042,A
sn_33017,1722326800,A
sn_33017,1722348639,A
sn_33017,1722391551,A
sn_72204,1721263226,B
sn_11317,1721974966,A
sn_11317,1721977333,A
sn_11317,1721987773,A
sn_11317,1721999427,A
sn_5296,1720542749,A
sn_1062,1720185957,A
sn_1062,1720624597,A
sn_69254,1721353294,B
sn_24590,1721890134,A
sn_1169,1721320526,A
sn_12928,1718391202,A
sn_42055,1719360693,A
sn_60905,1720735692,A
sn_60905,1720766923,A
sn_35717,1721781424,A
sn_35717,1721865903,A
sn_38937,1720870171,A
sn_36518,1721121431,A
sn_36518,1721124048,A
sn_36518,1721126097,A
sn_36518,1721128962,A
sn_36518,1721145664,A
sn_36518,1721150819,A
sn_36518,1721153978,A
sn_36518,1721157244,A
sn_1266,1721197611,A
sn_1266,1721200367,A
sn_1266,1721216574,A
sn_1266,1721219215,A
sn_1266,1721221978,A
sn_1266,1721223778,A
sn_1266,1721230007,A
sn_55963,1722383874,A
sn_26488,1720384829,A
sn_26488,1720641501,A
sn_26488,1720666091,A
sn_26488,1721718165,A
sn_26488,1721920092,A
sn_51891,1719028419,A
sn_51891,1720813298,A
sn_41200,1717513365,A
sn_60496,1717799988,A
sn_60496,1717801918,A
sn_19887,1722318537,A
sn_19887,1722382442,A
sn_34423,1721620546,A
sn_34423,1721622580,A
sn_23980,1720177934,A
sn_23980,1720191590,A
sn_23980,1720194326,A
sn_5985,1719556179,A
sn_5985,1719967937,A
sn_5497,1719272561,A
sn_5497,1719278052,A
sn_5497,1719280675,A
sn_5497,1719283315,A
sn_5497,1719299755,A
sn_5497,1719308036,A
sn_5497,1719316195,A
sn_5497,1719324261,A
sn_5497,1719335310,A
sn_5497,1719348956,A
sn_5497,1719350286,A
sn_44329,1719101166,A
sn_44329,1719104633,A
sn_44329,1719119847,A
sn_44329,1719135816,A
sn_44329,1719163514,A
sn_44329,1719187766,A
sn_44329,1719239831,A
sn_44329,1719525798,A
sn_44329,1719651438,A
sn_44329,1719893958,A
sn_44329,1719962858,A
sn_44329,1720098318,A
sn_44329,1720117398,A
sn_44329,1720232118,A
sn_44329,1720982148,A
sn_44329,1721024718,A
sn_44329,1721265438,A
sn_44329,1721587518,A
sn_44329,1721652438,A
sn_44329,1721768513,A
sn_44329,1721837358,A
sn_44329,1722228573,A
sn_14698,1720826892,A
sn_14698,1720832216,A
sn_66887,1717488971,B
sn_66887,1717943897,B
sn_66887,1718080865,B
sn_66887,1718119014,B
sn_66887,1719583219,B
sn_66887,1719624379,B
sn_66887,1719627065,B
sn_66887,1719637974,B
sn_66887,1719643459,B
sn_66887,1719646115,B
sn_66887,1719648890,B
sn_66887,1719651644,B
sn_66887,1719654379,B
sn_66887,1719656898,B
sn_66887,1719670729,B
sn_66887,1719711644,B
sn_66887,1719714259,B
sn_66887,1719717019,B
sn_66887,1719719815,B
sn_66887,1719722464,B
sn_66887,1719733458,B
sn_66887,1719738900,B
sn_66887,1719741644,B
sn_66887,1719747060,B
sn_66887,1719752539,B
sn_66887,1719755215,B
sn_66887,1719757984,B
sn_66887,1719760729,B
sn_66887,1719763458,B
sn_66887,1719798859,B
sn_66887,1719801618,B
sn_66887,1719804295,B
sn_66887,1719807065,B
sn_66887,1719809810,B
sn_66887,1719812538,B
sn_66887,1719815179,B
sn_66887,1719820719,B
sn_66887,1719822738,B
sn_66887,1719995224,B
sn_66887,1719997969,B
sn_66887,1720750473,B
sn_66887,1720753238,B
sn_66887,1721227818,B
sn_66887,1721271388,B
sn_66887,1721298758,B
sn_66887,1721301299,B
sn_66887,1721309657,B
sn_66887,1721315094,B
sn_66887,1721383223,B
sn_66887,1721456809,B
sn_66887,1721524963,B
sn_66887,1721530499,B
sn_66887,1721546898,B
sn_66887,1721560457,B
sn_66887,1721568664,B
sn_66887,1721571398,B
sn_66887,1721609584,B
sn_66887,1721615057,B
sn_66887,1721617817,B
sn_66887,1721625988,B
sn_66887,1721628617,B
sn_66887,1721647817,B
sn_66887,1721650457,B
sn_20383,1720825983,A
sn_20383,1720910703,A
sn_21076,1717228301,A
sn_16392,1722367687,A
sn_70818,1717535465,B
sn_70818,1717537865,B
sn_70818,1717579123,B
sn_70818,1717581791,B
sn_70818,1717644306,B
sn_70818,1719063705,B
sn_70818,1719065697,B
sn_70818,1719070183,B
sn_70818,1719072331,B
sn_28936,1721688691,A
sn_28936,1721696715,A
sn_28936,1721699601,A
sn_28936,1721702270,A
sn_28936,1721705000,A
sn_28936,1721707761,A
sn_28936,1721710414,A
sn_28936,1721715322,A
sn_28936,1721726621,A
sn_28936,1721728397,A
sn_28936,1721733809,A
sn_28936,1721740070,A
sn_28936,1721742812,A
sn_28936,1721748212,A
sn_28936,1721750877,A
sn_22692,1721654225,A
sn_22692,1721677268,A
sn_57437,1717854558,A
sn_57437,1717936286,A
sn_57437,1717988144,A
sn_57437,1718372636,A
sn_57437,1718470862,A
sn_15299,1718787147,A
sn_54049,1718036761,A
sn_54049,1718039156,A
sn_54049,1718053118,A
sn_54049,1718058478,A
sn_4813,1722003105,A
sn_51331,1719966696,A
sn_51331,1720822433,A
sn_38924,1720197037,A
sn_38924,1720212108,A
sn_5451,1718680447,A
sn_5451,1718683209,A
sn_5451,1718685124,A
sn_5451,1718691589,A
sn_10457,1718661743,A
sn_10457,1718664043,A
sn_38657,1721301476,A
sn_38657,1721304127,A
sn_38657,1721306499,A
sn_38657,1721309644,A
sn_38657,1721311900,A
sn_38657,1721317299,A
sn_38657,1721320539,A
sn_38657,1721325578,A
sn_38657,1721328464,A
sn_38657,1721333499,A
sn_38657,1721341659,A
sn_38657,1721344299,A
sn_38657,1721349099,A
sn_70022,1717411863,B
sn_70022,1718333916,B
sn_50037,1721718251,A
sn_50037,1721721209,A
sn_50037,1721722186,A
sn_50037,1721726626,A
sn_50037,1721728552,A
sn_50037,1721732133,A
sn_50037,1721734772,A
sn_50037,1721740181,A
sn_50037,1721741628,A
sn_50037,1721745589,A
sn_50037,1721748227,A
sn_50037,1721750432,A
sn_40531,1721552337,A
sn_42164,1718764172,A
sn_42164,1718767759,A
sn_42164,1718769503,A
sn_42164,1718773161,A
sn_42164,1718778507,A
sn_42164,1718780875,A
sn_56237,1718170877,A
sn_56237,1718173518,A
sn_46176,1717219074,A
sn_46176,1717390221,A
sn_46176,1717475794,A
sn_46176,1717780882,A
sn_46176,1717989233,A
sn_46176,1718037602,A
sn_46176,1718123175,A
sn_46176,1718160379,A
sn_46176,1718208748,A
sn_46176,1718245953,A
sn_46176,1718417099,A
sn_46176,1718502672,A
sn_46176,1718588245,A
sn_46176,1718673818,A
sn_46176,1718759392,A
sn_46176,1718807761,A
sn_46176,1719150053,A
sn_46176,1719187258,A
sn_46176,1719321200,A
sn_46176,1719406773,A
sn_46176,1719443977,A
sn_46176,1719529550,A
sn_46176,1719615124,A
sn_46176,1719834639,A
sn_46176,1719871843,A
sn_46176,1719920212,A
sn_46176,1720042990,A
sn_46176,1720128563,A
sn_46176,1720214136,A
sn_46176,1720299709,A
sn_46176,1720348078,A
sn_46176,1720385282,A
sn_46176,1720556429,A
sn_46176,1720727575,A
sn_46176,1720984295,A
sn_46176,1721374956,A
sn_46176,1721412161,A
sn_46176,1721583307,A
sn_46176,1721668880,A
sn_46176,1721840027,A
sn_46176,1722011173,A
sn_46176,1722145115,A
sn_46176,1722182319,A
sn_46176,1722230688,A
sn_46176,1722267893,A
sn_46176,1722316262,A
sn_46176,1722401835,A
sn_45650,1717420858,A
sn_45650,1717423670,A
sn_45650,1717560043,A
sn_45650,1717562563,A
sn_45650,1717564963,A
sn_57222,1717295344,A
sn_57222,1720665894,A
sn_57222,1722403029,A
sn_9937,1718413533,A
sn_3437,1717690765,A
sn_65994,1718491173,B
sn_32867,1719692439,A
sn_32867,1719695256,A
sn_32867,1719697960,A
sn_32867,1719708760,A
sn_32867,1719730361,A
sn_39991,1717759500,A
sn_39991,1718666567,A
sn_39991,1720585970,A
sn_39991,1721245333,A
sn_40757,1717232421,A
sn_40757,1721066938,A
sn_5529,1720420290,A
sn_5529,1720428829,A
sn_25141,1720401563,A
sn_25141,1720404297,A
sn_25141,1720406567,A
sn_25141,1720409239,A
sn_25141,1720414626,A
sn_25141,1720417488,A
sn_25141,1720420024,A
sn_25141,1720423117,A
sn_25141,1720425165,A
sn_25141,1720435403,A
sn_25141,1720441894,A
sn_25141,1720465905,A
sn_38917,1718320579,A
sn_38917,1718328001,A
sn_69058,1718914196,B
sn_69058,1718917671,B
sn_69058,1718921037,B
sn_23753,1722281883,A
sn_24387,1720687084,A
sn_46512,1718090087,A
sn_46512,1718963805,A
sn_46512,1718988763,A
sn_46512,1719006408,A
sn_46512,1719064484,A
sn_46512,1719088964,A
sn_46512,1719112364,A
sn_46512,1719129883,A
sn_46512,1719153645,A
sn_46512,1719197445,A
sn_46512,1722441524,A
sn_23169,1718511674,A
sn_23169,1718513214,A
sn_57462,1722218702,A
sn_62278,1718574420,A
sn_5009,1722176557,A
sn_5009,1722236442,A
sn_5086,1717309091,A
sn_5086,1717311876,A
sn_15515,1717524325,A
sn_15515,1717527171,A
sn_15515,1717530038,A
sn_15515,1717531596,A
sn_15515,1717535092,A
sn_15515,1717542591,A
sn_54322,1717847989,A
sn_54322,1720140638,A
sn_54322,1720267921,A
sn_54322,1720409756,A
sn_38224,1718811525,A
sn_38224,1718814149,A
sn_38224,1718816901,A
sn_38224,1718824020,A
sn_38224,1718827373,A
sn_38224,1718830709,A
sn_38224,1718833470,A
sn_19534,1717810918,A
sn_19534,1720494254,A
sn_29511,1717858842,A
sn_29511,1718643484,A
sn_33631,1721762333,A
sn_38897,1720540627,A
sn_22338,1719880645,A
sn_22338,1719886063,A
sn_22338,1719894126,A
sn_22338,1719902361,A
sn_22338,1719918367,A
sn_22338,1719921370,A
sn_33910,1720894978,A
sn_33910,1720919334,A
sn_12142,1718687609,A
sn_9341,1718567498,A
sn_9341,1718634445,A
sn_9341,1718912247,A
sn_9341,1718916326,A
sn_9341,1718923048,A
sn_9341,1718934403,A
sn_9341,1719283378,A
sn_9341,1719288918,A
sn_9341,1719292475,A
sn_9341,1719335188,A
sn_9341,1719338913,A
sn_9341,1719351631,A
sn_9341,1719490508,A
sn_9341,1719501541,A
sn_9341,1719512563,A
sn_9341,1719517838,A
sn_9341,1719809672,A
sn_9341,1719812457,A
sn_9341,1719815217,A
sn_9341,1719817981,A
sn_9341,1719820627,A
sn_9341,1719823391,A
sn_9341,1719828880,A
sn_9341,1719831561,A
sn_9341,1719834327,A
sn_9341,1719839806,A
sn_9341,1719847964,A
sn_9341,1719858902,A
sn_9341,1719867074,A
sn_9341,1719869797,A
sn_9341,1719872482,A
sn_9341,1719880601,A
sn_9341,1719886124,A
sn_9341,1719887211,A
sn_71285,1720655166,B
sn_50337,1719231479,A
sn_21540,1718170889,A
sn_21540,1718172714,A
sn_56809,1719994821,A
sn_56809,1720079423,A
sn_56809,1720092859,A
sn_56809,1720212403,A
sn_56809,1720332119,A
sn_56809,1720347001,A
sn_56809,1720362967,A
sn_56809,1720368841,A
sn_56809,1720401741,A
sn_56809,1720512376,A
sn_56809,1721071942,A
sn_56809,1721124611,A
sn_56809,1721130427,A
sn_56809,1721181488,A
sn_51644,1720445186,A
sn_56161,1718983336,A
sn_56161,1718993081,A
sn_8652,1717229941,A
sn_8652,1717243701,A
sn_8652,1717289369,A
sn_8652,1717300889,A
sn_8652,1717322729,A
sn_8652,1717349859,A
sn_8652,1717352489,A
sn_8652,1717458929,A
sn_8652,1717524255,A
sn_8652,1717535489,A
sn_8652,1717573049,A
sn_8652,1717581449,A
sn_8652,1717594649,A
sn_8652,1717598129,A
sn_8652,1717603539,A
sn_8652,1717611809,A
sn_8652,1717666294,A
sn_8652,1717671834,A
sn_8652,1717737229,A
sn_8652,1717746359,A
sn_8652,1717750889,A
sn_8652,1717755354,A
sn_8652,1717759049,A
sn_8652,1717819089,A
sn_8652,1717840414,A
sn_8652,1717857209,A
sn_8652,1717873529,A
sn_8652,1717876289,A
sn_8652,1717881809,A
sn_8652,1717884449,A
sn_8652,1717889969,A
sn_8652,1717922259,A
sn_8652,1717928034,A
sn_8652,1717957409,A
sn_8652,1717982729,A
sn_8652,1718031689,A
sn_8652,1718083429,A
sn_8652,1718105389,A
sn_8652,1718107769,A
sn_8652,1718195410,A
sn_8652,1718282280,A
sn_8652,1718301689,A
sn_8652,1718440779,A
sn_8652,1718604459,A
sn_8652,1718727130,A
sn_8652,1718732624,A
sn_8652,1718735285,A
sn_8652,1718738029,A
sn_8652,1718757089,A
sn_8652,1718773445,A
sn_8652,1718833169,A
sn_8652,1718836210,A
sn_8652,1718844375,A
sn_8652,1718845690,A
sn_8652,1718849765,A
sn_8652,1718852619,A
sn_8652,1718863529,A
sn_8652,1718901569,A
sn_8652,1718945050,A
sn_8652,1718953534,A
sn_8652,1718959784,A
sn_8652,1718970689,A
sn_8652,1718973365,A
sn_8652,1718977570,A
sn_8652,1718979735,A
sn_8652,1718981895,A
sn_8652,1718985725,A
sn_8652,1718987895,A
sn_8652,1718989935,A
sn_8652,1718993775,A
sn_8652,1718998095,A
sn_8652,1719006850,A
sn_8652,1719008770,A
sn_8652,1719012975,A
sn_8652,1719015015,A
sn_8652,1719017295,A
sn_8652,1719021255,A
sn_8652,1719025565,A
sn_8652,1719029890,A
sn_8652,1719031925,A
sn_8652,1719037575,A
sn_8652,1719043455,A
sn_8652,1719045495,A
sn_8652,1719047650,A
sn_8652,1719050055,A
sn_8652,1719054255,A
sn_8652,1719059275,A
sn_8652,1719061200,A
sn_8652,1719063689,A
sn_8652,1719065759,A
sn_8652,1719070794,A
sn_8652,1719072584,A
sn_8652,1719074415,A
sn_8652,1719086619,A
sn_8652,1719088930,A
sn_8652,1719102250,A
sn_8652,1719106189,A
sn_8652,1719110165,A
sn_8652,1719112445,A
sn_8652,1719117120,A
sn_8652,1719124215,A
sn_8652,1719126459,A
sn_8652,1719129135,A
sn_8652,1719132955,A
sn_8652,1719135094,A
sn_8652,1719138975,A
sn_8652,1719145690,A
sn_8652,1719149754,A
sn_8652,1719152170,A
sn_8652,1719160774,A
sn_8652,1719162845,A
sn_8652,1719168934,A
sn_8652,1719171005,A
sn_8652,1719172810,A
sn_8652,1719178539,A
sn_8652,1719185050,A
sn_8652,1719192329,A
sn_8652,1719194410,A
sn_8652,1719198965,A
sn_8652,1719256215,A
sn_8652,1719332529,A
sn_60793,1717260074,A
sn_23376,1720175305,A
sn_23376,1720261216,A
sn_23376,1720278435,A
sn_23376,1720320321,A
sn_23376,1720335307,A
sn_23376,1720346677,A
sn_23376,1720364956,A
sn_23376,1720409340,A
sn_60785,1717782544,A
sn_71749,1720031758,B
sn_32000,1718249663,A
sn_15097,1719155169,A
sn_15097,1719160333,A
sn_15097,1719163114,A
sn_15097,1719165511,A
sn_15097,1719171811,A
sn_15097,1719175411,A
sn_15097,1719184976,A
sn_15097,1719191759,A
sn_15097,1719196114,A
sn_15097,1719206293,A
sn_15097,1719208714,A
sn_15097,1719211459,A
sn_15097,1719214369,A
sn_15097,1719215654,A
sn_48950,1717677294,A
sn_48950,1717680023,A
sn_48950,1717682554,A
sn_48950,1717685381,A
sn_48950,1717688083,A
sn_48950,1717690935,A
sn_48950,1717693493,A
sn_48950,1717696216,A
sn_48950,1717698986,A
sn_48950,1717701848,A
sn_48950,1717704370,A
sn_48950,1717707273,A
sn_48950,1717710026,A
sn_48950,1717712755,A
sn_48950,1717715440,A
sn_48950,1717718067,A
sn_48950,1717720926,A
sn_48950,1717723661,A
sn_48950,1717726355,A
sn_48950,1717728965,A
sn_48950,1717731739,A
sn_48950,1717734571,A
sn_48950,1717737145,A
sn_48950,1717739910,A
sn_48950,1717742752,A
sn_48950,1717745423,A
sn_48950,1717745635,A
sn_54441,1719872535,A
sn_54441,1719877935,A
sn_54441,1719879802,A
sn_38056,1721036204,A
sn_38056,1721039647,A
sn_38056,1721052995,A
sn_38056,1721055520,A
sn_38056,1721057325,A
sn_59823,1722244519,A
sn_59823,1722245091,A
sn_65139,1718221030,A
sn_65139,1718227517,A
sn_65139,1718312189,A
sn_65139,1718353493,A
sn_65139,1718396848,A
sn_65139,1718481509,A
sn_65139,1718522495,A
sn_65139,1718566189,A
sn_65139,1718650844,A
sn_65139,1718692126,A
sn_65139,1718776883,A
sn_4477,1718740790,A
sn_4477,1718770790,A
sn_4477,1718877184,A
sn_4477,1720077004,A
sn_4477,1720093426,A
sn_4477,1720126150,A
sn_4477,1721445959,A
sn_4477,1721448723,A
sn_4477,1721451469,A
sn_61649,1717437132,A
sn_17233,1720546012,A
sn_44314,1720109403,A
sn_44937,1718937177,A
sn_27186,1717299720,A
sn_34260,1718408126,A
sn_34260,1718683526,A
sn_34260,1718759920,A
sn_34260,1718789920,A
sn_34260,1719812489,A
sn_34260,1721377841,A
sn_1450,1718634427,A
sn_1450,1718637189,A
sn_1450,1718639677,A
sn_1450,1718645317,A
sn_1450,1718647980,A
sn_1450,1718649880,A
sn_1450,1718660710,A
sn_1450,1718691310,A
sn_1450,1718696709,A
sn_1450,1718710719,A
sn_10465,1720545530,A
sn_55621,1722264094,A
sn_55621,1722266688,A
sn_55621,1722269110,A
sn_55621,1722301257,A
sn_55621,1722325793,A
sn_72649,1718339958,B
sn_72649,1718359926,B
sn_72649,1718410900,B
sn_72649,1718550611,B
sn_72649,1718553194,B
sn_33481,1717358241,A
sn_69090,1720366096,B
sn_69090,1720368736,B
sn_69090,1720371531,B
sn_69090,1720374266,B
sn_69090,1720377031,B
sn_69090,1720379697,B
sn_69090,1720382451,B
sn_69090,1720385206,B
sn_69090,1720387941,B
sn_69090,1720390616,B
sn_69090,1720393372,B
sn_69090,1720396121,B
sn_69090,1720398782,B
sn_69090,1720401541,B
sn_69090,1720404281,B
sn_69090,1720407026,B
sn_69090,1720409686,B
sn_69090,1720412452,B
sn_69090,1720415211,B
sn_69090,1720417936,B
sn_69090,1720420586,B
sn_69090,1720423382,B
sn_69090,1720426121,B
sn_69090,1720428783,B
sn_69090,1720431496,B
sn_69090,1720434296,B
sn_69090,1720437016,B
sn_69090,1720439692,B
sn_69090,1720442416,B
sn_69090,1720445186,B
sn_69090,1720447936,B
sn_69090,1720450616,B
sn_69090,1720453377,B
sn_69090,1720456111,B
sn_69090,1720458736,B
sn_69090,1720461537,B
sn_69090,1720464255,B
sn_69090,1720467026,B
sn_69090,1720469702,B
sn_69090,1720472462,B
sn_69090,1720475206,B
sn_69090,1720477856,B
sn_69090,1720480591,B
sn_69090,1720483382,B
sn_69090,1720486096,B
sn_69090,1720488736,B
sn_69090,1720491537,B
sn_69090,1720494296,B
sn_69090,1720497016,B
sn_69090,1720499656,B
sn_69090,1720502415,B
sn_69090,1720505201,B
sn_69090,1720507847,B
sn_69090,1720510617,B
sn_69090,1720513382,B
sn_69090,1720516106,B
sn_69090,1720518782,B
sn_69090,1720521537,B
sn_69090,1720524271,B
sn_69090,1720527015,B
sn_69090,1720529666,B
sn_69090,1720532456,B
sn_69090,1720535201,B
sn_69090,1720537816,B
sn_69090,1720540617,B
sn_69090,1720543381,B
sn_69090,1720546096,B
sn_69090,1720548777,B
sn_69090,1720551496,B
sn_69090,1720554281,B
sn_69090,1720557016,B
sn_69090,1720559656,B
sn_69090,1720562457,B
sn_69090,1720565175,B
sn_69090,1720567856,B
sn_69090,1720570616,B
sn_69090,1720573377,B
sn_69090,1720576106,B
sn_69090,1720578782,B
sn_69090,1720581526,B
sn_69090,1720584256,B
sn_69090,1720586937,B
sn_69090,1720589701,B
sn_69090,1720592462,B
sn_69090,1720595176,B
sn_69090,1720597846,B
sn_69090,1720600616,B
sn_69090,1720603336,B
sn_69090,1720606096,B
sn_69090,1720608782,B
sn_69090,1720611417,B
sn_69090,1720614281,B
sn_69090,1720616896,B
sn_69090,1720619671,B
sn_69090,1720622416,B
sn_69090,1720625176,B
sn_69090,1720627856,B
sn_69090,1720630576,B
sn_69090,1720633372,B
sn_69090,1720636096,B
sn_69090,1720638777,B
sn_69090,1720641531,B
sn_69090,1720644256,B
sn_69090,1720646936,B
sn_69090,1720649666,B
sn_69090,1720652426,B
sn_69090,1720655176,B
sn_69090,1720657856,B
sn_69090,1720660617,B
sn_69090,1720663335,B
sn_69090,1720666001,B
sn_69090,1720668782,B
sn_69090,1720671496,B
sn_69090,1720674256,B
sn_69090,1720676896,B
sn_69090,1720679656,B
sn_69090,1720682456,B
sn_69090,1720685176,B
sn_69090,1720687741,B
sn_69090,1720690456,B
sn_69090,1720693336,B
sn_69090,1720695976,B
sn_69090,1720698776,B
sn_69090,1720701031,B
sn_69090,1720704041,B
sn_69090,1720706936,B
sn_69090,1720709536,B
sn_69090,1720712416,B
sn_69090,1720715056,B
sn_69090,1720717836,B
sn_69090,1720720256,B
sn_69090,1720723336,B
sn_69090,1720726007,B
sn_69090,1720727802,B
sn_69090,1720731496,B
sn_69090,1720734256,B
sn_69090,1720736807,B
sn_69090,1720739697,B
sn_69090,1720742441,B
sn_69090,1720745176,B
sn_69090,1720747862,B
sn_69090,1720750622,B
sn_69090,1720753336,B
sn_69090,1720755496,B
sn_69090,1720758777,B
sn_69090,1720761376,B
sn_69090,1720764256,B
sn_69090,1720766822,B
sn_69090,1720769671,B
sn_69090,1720772416,B
sn_69090,1720775176,B
sn_69090,1720777856,B
sn_69090,1720783256,B
sn_69090,1720785976,B
sn_69090,1720788161,B
sn_69090,1720791537,B
sn_69090,1720794177,B
sn_69090,1720796776,B
sn_69090,1720799666,B
sn_69090,1720807456,B
sn_69090,1720867816,B
sn_69090,1720873335,B
sn_69090,1720875376,B
sn_69090,1720878422,B
sn_69090,1720881416,B
sn_69090,1720886656,B
sn_69090,1720889536,B
sn_69090,1720891936,B
sn_69090,1720896016,B
sn_69090,1720900336,B
sn_69090,1720903346,B
sn_69090,1720905856,B
sn_69090,1720908736,B
sn_69090,1720913416,B
sn_69090,1720916906,B
sn_69090,1720919441,B
sn_69090,1720925086,B
sn_69090,1720930456,B
sn_69090,1720933336,B
sn_69090,1720935506,B
sn_69090,1720941136,B
sn_69090,1720971417,B
sn_69090,1721082871,B
sn_69090,1721381446,B
sn_69090,1721923216,B
sn_69090,1721942306,B
sn_69090,1721950336,B
sn_69090,1721961136,B
sn_69090,1721975056,B
sn_69090,1721980336,B
sn_69090,1722051256,B
sn_69090,1722069856,B
sn_69090,1722072881,B
sn_69090,1722075256,B
sn_69090,1722077656,B
sn_69090,1722080921,B
sn_69090,1722085816,B
sn_69090,1722089176,B
sn_69090,1722243976,B
sn_69090,1722247336,B
sn_69090,1722250216,B
sn_69090,1722252976,B
sn_69090,1722255856,B
sn_69090,1722258136,B
sn_69090,1722261291,B
sn_69090,1722264016,B
sn_69090,1722266681,B
sn_69090,1722268936,B
sn_69090,1722272212,B
sn_69090,1722274977,B
sn_69090,1722277617,B
sn_69090,1722280456,B
sn_69090,1722282897,B
sn_69090,1722285871,B
sn_69090,1722288496,B
sn_69090,1722291281,B
sn_69090,1722294062,B
sn_69090,1722296776,B
sn_69090,1722299056,B
sn_69090,1722302296,B
sn_69090,1722304982,B
sn_69090,1722307576,B
sn_69090,1722309876,B
sn_69090,1722312736,B
sn_69090,1722315736,B
sn_69090,1722318657,B
sn_69090,1722321136,B
sn_69090,1722323691,B
sn_69090,1722326676,B
sn_69090,1722351256,B
sn_69090,1722354016,B
sn_69090,1722356296,B
sn_69090,1722359416,B
sn_69090,1722362176,B
sn_69090,1722364936,B
sn_69090,1722366976,B
sn_69090,1722370336,B
sn_69090,1722372256,B
sn_69090,1722375856,B
sn_69090,1722378616,B
sn_69090,1722381376,B
sn_69090,1722383896,B
sn_69090,1722386791,B
sn_69090,1722389295,B
sn_69090,1722392207,B
sn_69090,1722394576,B
sn_69090,1722397696,B
sn_69090,1722400096,B
sn_69090,1722403096,B
sn_69090,1722405856,B
sn_69090,1722408616,B
sn_69090,1722410896,B
sn_69090,1722416696,B
sn_69090,1722419451,B
sn_69090,1722422091,B
sn_69090,1722424596,B
sn_69090,1722427696,B
sn_69090,1722430336,B
sn_69090,1722432976,B
sn_69090,1722438256,B
sn_71343,1722204122,B
sn_71343,1722206851,B
sn_71343,1722209527,B
sn_71343,1722215032,B
sn_40876,1720799591,A
sn_40876,1720821416,A
sn_1771,1720657888,A
sn_1771,1720676968,A
sn_1771,1720679729,A
sn_1771,1720704208,A
sn_1771,1720709725,A
sn_36130,1719865094,A
sn_16323,1718285422,A
sn_16323,1718288148,A
sn_60366,1718707681,A
sn_24979,1720837489,A
sn_24979,1720840268,A
sn_24979,1720845636,A
sn_24979,1720848654,A
sn_24979,1720852503,A
sn_24979,1720855864,A
sn_24979,1720858975,A
sn_24979,1720861493,A
sn_24979,1720864519,A
sn_24979,1720867405,A
sn_3593,1720788798,A
sn_3593,1720791476,A
sn_3593,1720793851,A
sn_3593,1720796841,A
sn_3593,1720799595,A
sn_3593,1720803788,A
sn_3593,1720806546,A
sn_25869,1718751743,A
sn_25869,1719890809,A
sn_69171,1721008916,B
sn_69171,1721052330,B
sn_69171,1721093073,B
sn_69171,1721131486,B
sn_69171,1721169987,B
sn_69171,1721233426,B
sn_69171,1721429434,B
sn_69171,1721633092,B
sn_69171,1721751352,B
sn_69171,1722007010,B
sn_42891,1718527786,A
sn_14635,1718029048,A
sn_14635,1718042551,A
sn_14635,1718045230,A
sn_2604,1721470978,A
sn_2604,1721482068,A
sn_2604,1721520494,A
sn_2604,1721655491,A
sn_2604,1721693859,A
sn_58,1720131163,A
sn_58,1720265063,A
sn_58,1720275429,A
sn_58,1720277614,A
sn_58,1720286490,A
sn_58,1720288300,A
sn_58,1720295086,A
sn_58,1720297234,A
sn_58,1720357859,A
sn_58,1720367520,A
sn_58,1720383800,A
sn_62697,1718185953,A
sn_62697,1719839801,A
sn_46594,1718776258,A
sn_46594,1718778866,A
sn_46594,1718781513,A
sn_46594,1718784312,A
sn_46594,1718787028,A
sn_46594,1718789663,A
sn_46594,1718792317,A
sn_46594,1718795062,A
sn_46594,1718800464,A
sn_46594,1718813914,A
sn_46594,1718819316,A
sn_46594,1718827468,A
sn_46594,1718835520,A
sn_46594,1718843666,A
sn_40873,1721467773,A
sn_40873,1721470552,A
sn_16064,1718141912,A
sn_16064,1718518843,A
sn_24444,1722012674,A
sn_24444,1722014695,A
sn_34585,1721467796,A
sn_34585,1721470548,A
sn_34585,1721473192,A
sn_34585,1721475949,A
sn_12130,1717855222,A
sn_31638,1717358228,A
sn_31638,1717497208,A
sn_31638,1717556972,A
sn_31638,1717611792,A
sn_31638,1717712082,A
sn_31638,1717714802,A
sn_31638,1717717712,A
sn_31638,1717721208,A
sn_31638,1717736897,A
sn_31638,1717772282,A
sn_31638,1717808182,A
sn_31638,1717816327,A
sn_31638,1717838057,A
sn_31638,1717909082,A
sn_31638,1717911377,A
sn_31638,1718015448,A
sn_31638,1718067257,A
sn_31638,1718083597,A
sn_31638,1718086337,A
sn_31638,1718105402,A
sn_31638,1718113562,A
sn_31638,1718146128,A
sn_31638,1718198067,A
sn_31638,1718198762,A
sn_31638,1718219903,A
sn_31638,1718238842,A
sn_31638,1718260848,A
sn_31638,1718266322,A
sn_31638,1718296332,A
sn_31638,1718301757,A
sn_31638,1718307242,A
sn_31638,1718309923,A
sn_31638,1718315282,A
sn_31638,1718318042,A
sn_31638,1718342642,A
sn_31638,1718405402,A
sn_31638,1718446202,A
sn_31638,1718453762,A
sn_31638,1718476082,A
sn_31638,1718500202,A
sn_31638,1718522042,A
sn_31638,1718525083,A
sn_31638,1718616722,A
sn_31638,1718621762,A
sn_31638,1718647922,A
sn_31638,1718656202,A
sn_31638,1718738083,A
sn_31638,1718771897,A
sn_31638,1718803483,A
sn_31638,1718838972,A
sn_31638,1718860802,A
sn_31638,1719086402,A
sn_31638,1719277562,A
sn_31638,1719468482,A
sn_31638,1719482522,A
sn_31638,1719487562,A
sn_31638,1719514802,A
sn_31638,1719613447,A
sn_31638,1719670708,A
sn_31638,1719782543,A
sn_31638,1719785208,A
sn_31638,1719787948,A
sn_31638,1719796128,A
sn_31638,1719853442,A
sn_31638,1719856103,A
sn_31638,1719867033,A
sn_31638,1719880708,A
sn_31638,1719940683,A
sn_31638,1720006117,A
sn_31638,1720227048,A
sn_31638,1720229657,A
sn_31638,1720371518,A
sn_31638,1720374283,A
sn_31638,1720480587,A
sn_31638,1720529162,A
sn_31638,1720551283,A
sn_31638,1720606082,A
sn_31638,1720630562,A
sn_31638,1720641482,A
sn_31638,1720647002,A
sn_31638,1720785962,A
sn_31638,1720794242,A
sn_31638,1720816082,A
sn_31638,1720829208,A
sn_31638,1720845362,A
sn_31638,1720851142,A
sn_31638,1720867682,A
sn_31638,1720873347,A
sn_31638,1720876003,A
sn_31638,1720892422,A
sn_31638,1720895162,A
sn_31638,1720897708,A
sn_31638,1720900562,A
sn_31638,1720905977,A
sn_31638,1720919642,A
sn_31638,1720974247,A
sn_31638,1721052842,A
sn_31638,1721066762,A
sn_31638,1721072412,A
sn_31638,1721075062,A
sn_31638,1721126642,A
sn_31638,1721148768,A
sn_31638,1721154168,A
sn_31638,1721175962,A
sn_31638,1721192402,A
sn_31638,1721235962,A
sn_31638,1721238528,A
sn_31638,1721274002,A
sn_31638,1721516203,A
sn_31638,1721554327,A
sn_31638,1721567402,A
sn_31638,1721573642,A
sn_31638,1721661397,A
sn_31638,1721669568,A
sn_31638,1721672283,A
sn_31638,1721691362,A
sn_31638,1721838602,A
sn_31638,1721857713,A
sn_31638,1721860217,A
sn_31638,1721887682,A
sn_31638,1721898602,A
sn_31638,1721901403,A
sn_31638,1721909568,A
sn_31638,1721917703,A
sn_31638,1721925967,A
sn_31638,1721928648,A
sn_31638,1721931408,A
sn_31638,1721936808,A
sn_31638,1721947728,A
sn_31638,1721950473,A
sn_31638,1721953238,A
sn_31638,1721961407,A
sn_31638,1721969563,A
sn_31638,1722147722,A
sn_31638,1722171362,A
sn_31638,1722178922,A
sn_31638,1722280442,A
sn_63931,1719503468,A
sn_63931,1719562889,A
sn_63931,1719592418,A
sn_63931,1719654934,A
sn_63931,1719664803,A
sn_63931,1719776096,A
sn_63931,1719836422,A
sn_63931,1719845644,A
sn_63931,1719866580,A
sn_63931,1719935211,A
sn_63931,1720037384,A
sn_63931,1720095081,A
sn_63931,1720125339,A
sn_63931,1720175864,A
sn_63931,1720288252,A
sn_63931,1720345935,A
sn_63931,1720361904,A
sn_63931,1720374848,A
sn_63931,1720456256,A
sn_63931,1720479779,A
sn_63931,1720566278,A
sn_63931,1720623961,A
sn_63931,1720633517,A
sn_63931,1720640508,A
sn_63931,1720653790,A
sn_63931,1720838914,A
sn_63931,1720906869,A
sn_63931,1720926499,A
sn_63931,1721049382,A
sn_63931,1721137826,A
sn_63931,1721196607,A
sn_63931,1721205194,A
sn_63931,1721225015,A
sn_63931,1721292505,A
sn_63931,1721312547,A
sn_63931,1721400102,A
sn_63931,1721457864,A
sn_63931,1721467200,A
sn_63931,1721486674,A
sn_63931,1721553959,A
sn_63931,1721573539,A
sn_63931,1721641391,A
sn_63931,1721648145,A
sn_63931,1721661253,A
sn_63931,1721748261,A
sn_63931,1721806682,A
sn_63931,1721815221,A
sn_63931,1721834958,A
sn_63931,1721922138,A
sn_63931,1722009992,A
sn_63931,1722077123,A
sn_63931,1722096973,A
sn_63931,1722163833,A
sn_63931,1722183697,A
sn_63931,1722251486,A
sn_63931,1722271552,A
sn_19316,1719014629,A
sn_19316,1719031347,A
sn_19316,1719034848,A
sn_71892,1720534592,B
sn_42998,1717404550,A
sn_42998,1717409950,A
sn_42998,1717417752,A
sn_42998,1717658154,A
sn_42998,1717898114,A
sn_42998,1718230874,A
sn_42998,1718269039,A
sn_42998,1718279849,A
sn_42998,1718331599,A
sn_42998,1718744969,A
sn_42998,1718906974,A
sn_42998,1719518024,A
sn_42998,1719542514,A
sn_42998,1719569754,A
sn_42998,1719583274,A
sn_42998,1719673431,A
sn_42998,1719712799,A
sn_42998,1719749729,A
sn_42998,1719828684,A
sn_42998,1720000549,A
sn_42998,1720018914,A
sn_42998,1720090559,A
sn_42998,1720095794,A
sn_42998,1720147514,A
sn_42998,1720212684,A
sn_42998,1720215684,A
sn_42998,1720439234,A
sn_42998,1720483904,A
sn_42998,1720515934,A
sn_42998,1720542314,A
sn_42998,1720581094,A
sn_42998,1720586114,A
sn_42998,1720619594,A
sn_42998,1720633314,A
sn_42998,1720728684,A
sn_42998,1720766954,A
sn_42998,1720786064,A
sn_42998,1720791074,A
sn_42998,1720826954,A
sn_42998,1720870514,A
sn_42998,1720889354,A
sn_42998,1720933304,A
sn_42998,1720936064,A
sn_42998,1720949234,A
sn_42998,1720963319,A
sn_42998,1721221634,A
sn_42998,1721496235,A
sn_42998,1722438554,A
sn_42998,1722441359,A
sn_10512,1718550087,A
sn_10512,1720074112,A
sn_57035,1720750690,A
sn_57035,1721079898,A
sn_24051,1721936826,A
sn_24051,1721939496,A
sn_24051,1721953028,A
sn_24051,1721969251,A
sn_26736,1719176670,A
sn_26736,1719178606,A
sn_26736,1719184923,A
sn_26736,1719204406,A
sn_26736,1719245206,A
sn_26736,1719252371,A
sn_26736,1719269280,A
sn_26736,1719283322,A
sn_26736,1719286120,A
sn_26736,1719288371,A
sn_26736,1719289800,A
sn_26736,1719296885,A
sn_26736,1719312721,A
sn_26736,1719321505,A
sn_26736,1719327120,A
sn_26736,1719332520,A
sn_26736,1719346225,A
sn_26736,1719348720,A
sn_26736,1719354360,A
sn_26736,1719359760,A
sn_26736,1719365205,A
sn_26736,1719368040,A
sn_26736,1719368561,A
sn_26736,1719384245,A
sn_26736,1719408240,A
sn_26736,1719411640,A
sn_26736,1719414641,A
sn_26736,1719422160,A
sn_26736,1719424445,A
sn_26736,1719436200,A
sn_26736,1719449520,A
sn_26736,1719457937,A
sn_26736,1719511800,A
sn_26736,1719514207,A
sn_26736,1719599635,A
sn_26736,1719604780,A
sn_26736,1719621480,A
sn_26736,1719629280,A
sn_26736,1719648240,A
sn_26736,1719656086,A
sn_26736,1719673440,A
sn_26736,1719678000,A
sn_26736,1719703210,A
sn_26736,1719717000,A
sn_26736,1719719760,A
sn_26736,1719727961,A
sn_26736,1719729850,A
sn_26736,1719744010,A
sn_26736,1719749290,A
sn_26736,1719750971,A
sn_26736,1719785206,A
sn_26736,1719809280,A
sn_26736,1719820200,A
sn_26736,1719822600,A
sn_26736,1719834074,A
sn_26736,1719839219,A
sn_26736,1719869305,A
sn_26736,1719912840,A
sn_26736,1719967351,A
sn_26736,1719978840,A
sn_26736,1719986160,A
sn_26736,1720000440,A
sn_23299,1718735289,A
sn_52314,1717187178,A
sn_52314,1717190243,A
sn_52314,1717272610,A
sn_52314,1717275675,A
sn_52314,1717357741,A
sn_52314,1717360806,A
sn_52314,1717443015,A
sn_52314,1717446084,A
sn_52314,1717528001,A
sn_52314,1717531069,A
sn_52314,1717613136,A
sn_52314,1717616221,A
sn_52314,1717698634,A
sn_52314,1717701773,A
sn_52314,1717784834,A
sn_52314,1717787909,A
sn_52314,1717870718,A
sn_52314,1717873890,A
sn_52314,1717957478,A
sn_52314,1717960565,A
sn_52314,1718042985,A
sn_52314,1718046050,A
sn_52314,1718051121,A
sn_52314,1718128275,A
sn_52314,1718131340,A
sn_52314,1718136636,A
sn_52314,1718180776,A
sn_52314,1718217052,A
sn_52314,1718220116,A
sn_52314,1718225544,A
sn_52314,1718268196,A
sn_52314,1718303258,A
sn_52314,1718306373,A
sn_52314,1718311460,A
sn_52314,1718388642,A
sn_52314,1718391751,A
sn_52314,1718396819,A
sn_52314,1718473791,A
sn_52314,1718476956,A
sn_52314,1718529004,A
sn_52314,1718566349,A
sn_52314,1718569827,A
sn_52314,1718619386,A
sn_52314,1718655582,A
sn_52314,1718659184,A
sn_52314,1718746713,A
sn_52314,1718749777,A
sn_52314,1718754846,A
sn_52314,1718841457,A
sn_52314,1718844788,A
sn_52314,1718850057,A
sn_52314,1718938044,A
sn_52314,1719038262,A
sn_52314,1719118615,A
sn_52314,1719121701,A
sn_52314,1719126767,A
sn_52314,1719207785,A
sn_52314,1719212889,A
sn_52314,1719289455,A
sn_52314,1719292523,A
sn_52314,1719375598,A
sn_52314,1719378672,A
sn_52314,1719383727,A
sn_52314,1719477174,A
sn_52314,1719480242,A
sn_52314,1719485412,A
sn_52314,1719576174,A
sn_52314,1719579488,A
sn_52314,1719584966,A
sn_52314,1719667058,A
sn_52314,1719670124,A
sn_52314,1719675450,A
sn_52314,1719756274,A
sn_52314,1719759487,A
sn_52314,1719764602,A
sn_52314,1719842535,A
sn_52314,1719845600,A
sn_52314,1720018718,A
sn_52314,1720021782,A
sn_52314,1720110673,A
sn_52314,1720114532,A
sn_52314,1720197437,A
sn_52314,1720200534,A
sn_52314,1720282984,A
sn_52314,1720286049,A
sn_52314,1720291096,A
sn_52314,1720333564,A
sn_52314,1720367969,A
sn_52314,1720371095,A
sn_52314,1720418498,A
sn_52314,1720453239,A
sn_52314,1720456431,A
sn_52314,1720461478,A
sn_52314,1720504078,A
sn_52314,1720538365,A
sn_52314,1720541444,A
sn_52314,1720546527,A
sn_52314,1720589092,A
sn_52314,1720623473,A
sn_52314,1720626563,A
sn_52314,1720631625,A
sn_52314,1720674058,A
sn_52314,1720708428,A
sn_52314,1720711515,A
sn_52314,1720716632,A
sn_3706,1719771640,A
sn_3706,1719774298,A
sn_18544,1720952428,A
sn_18544,1720955152,A
sn_18544,1720956488,A
sn_18544,1720963062,A
sn_18544,1720964272,A
sn_46414,1717737290,A
sn_37435,1719387048,A
sn_32863,1721953123,A
sn_5175,1719223483,A
sn_5175,1719324388,A
sn_5175,1719978889,A
sn_24754,1718920816,A
sn_24754,1718923463,A
sn_24754,1718935805,A
sn_5388,1721424137,A
sn_5388,1721465058,A
sn_43393,1722089559,A
sn_43393,1722092293,A
sn_43393,1722095010,A
sn_43393,1722097719,A
sn_43393,1722100449,A
sn_43393,1722102586,A
sn_43393,1722105941,A
sn_43393,1722108584,A
sn_43393,1722113969,A
sn_43393,1722116680,A
sn_43393,1722119389,A
sn_43393,1722125015,A
sn_43393,1722130446,A
sn_43393,1722132922,A
sn_51545,1717633579,A
sn_70411,1721765073,B
sn_70411,1721765442,B
sn_3600,1720322424,A
sn_5472,1722335020,A
sn_5472,1722339910,A
sn_5472,1722361509,A
sn_5472,1722369549,A
sn_5472,1722380980,A
sn_5472,1722386710,A
sn_5472,1722391780,A
sn_5472,1722399192,A
sn_11087,1721593136,A
sn_20478,1719206215,A
sn_33124,1719370756,A
sn_33124,1719411672,A
sn_33124,1719703452,A
sn_69445,1720278861,B
sn_69445,1720682421,B
sn_69445,1720685176,B
sn_69445,1720701501,B
sn_69445,1720736974,B
sn_69445,1720854256,B
sn_69445,1720900535,B
sn_69445,1720916979,B
sn_69445,1720930581,B
sn_69445,1720933341,B
sn_69445,1720944243,B
sn_69445,1720946974,B
sn_69445,1720949661,B
sn_69445,1720952421,B
sn_69445,1720955155,B
sn_69445,1720957822,B
sn_69445,1720960581,B
sn_69445,1720963336,B
sn_69445,1720966065,B
sn_69445,1720968621,B
sn_69445,1720971501,B
sn_69445,1720974246,B
sn_69445,1720976974,B
sn_69445,1721045150,B
sn_69445,1721047821,B
sn_69445,1721050581,B
sn_69445,1721053330,B
sn_69445,1721072416,B
sn_69445,1721075145,B
sn_69445,1721083325,B
sn_69445,1721086054,B
sn_69445,1721094235,B
sn_69445,1721096901,B
sn_69445,1721099661,B
sn_69445,1721102416,B
sn_69445,1721107821,B
sn_69445,1721132410,B
sn_69445,1721143320,B
sn_69445,1721211496,B
sn_69445,1721214219,B
sn_69445,1721216901,B
sn_69445,1721219661,B
sn_69445,1721222405,B
sn_69445,1721227820,B
sn_69445,1721230565,B
sn_69445,1721358742,B
sn_69445,1721364143,B
sn_69445,1721366901,B
sn_69445,1721369661,B
sn_69445,1721530556,B
sn_69445,1721533222,B
sn_69445,1721535982,B
sn_69445,1721541459,B
sn_69445,1721544142,B
sn_69445,1721552302,B
sn_69445,1721555062,B
sn_69445,1721557822,B
sn_69445,1721560550,B
sn_69445,1721563222,B
sn_69445,1721568732,B
sn_69445,1721571459,B
sn_69445,1721585062,B
sn_69445,1721590545,B
sn_69445,1721593222,B
sn_69445,1721598727,B
sn_69445,1721601454,B
sn_69445,1721606902,B
sn_69445,1721612301,B
sn_69445,1721718660,B
sn_69445,1721757073,B
sn_69445,1721795495,B
sn_69445,1721833908,B
sn_69445,1721872329,B
sn_69445,1721910751,B
sn_69445,1721949264,B
sn_69445,1721987669,B
sn_69445,1721993790,B
sn_69445,1721994917,B
sn_61251,1721663191,A
sn_15695,1717799881,A
sn_15695,1717801554,A
sn_15695,1717812587,A
sn_63988,1718020825,A
sn_63988,1718023154,A
sn_63988,1718025874,A
sn_30376,1719771622,A
sn_30376,1719774148,A
sn_30376,1719777048,A
sn_30376,1719779058,A
sn_70950,1721538671,B
sn_70950,1721571182,B
sn_70950,1721647264,B
sn_70950,1722002224,B
sn_70950,1722089356,B
sn_70950,1722152308,B
sn_70950,1722160470,B
sn_70950,1722163217,B
sn_70950,1722168545,B
sn_23550,1720307433,A
sn_23550,1720311468,A
sn_23550,1720314244,A
sn_23550,1720314582,A
sn_23550,1720337470,A
sn_28932,1719370532,A
sn_28932,1719376773,A
sn_28932,1719381333,A
sn_28932,1719389372,A
sn_28932,1719394885,A
sn_38245,1719119887,A
sn_38245,1719122612,A
sn_38245,1719125134,A
sn_38245,1719128008,A
sn_38245,1719130544,A
sn_38245,1719133283,A
sn_38245,1719135947,A
sn_29826,1718039948,A
sn_29826,1718051831,A
sn_40190,1718748956,A
sn_40190,1718750984,A
sn_62636,1717206045,A
sn_62636,1717218851,A
sn_62636,1717240712,A
sn_62636,1717273690,A
sn_62636,1717279118,A
sn_62636,1717326457,A
sn_15094,1722084115,A
sn_15094,1722126752,A
sn_39792,1718334074,A
sn_12721,1719973435,A
sn_12721,1721705054,A
sn_12721,1721735044,A
sn_12721,1721789609,A
sn_12721,1721874146,A
sn_12721,1721876879,A
sn_12721,1721890515,A
sn_12721,1721893202,A
sn_12721,1721961367,A
sn_12721,1721964122,A
sn_12721,1721966876,A
sn_12721,1721977782,A
sn_12721,1721980510,A
sn_12721,1721985958,A
sn_12721,1722021359,A
sn_12721,1722051373,A
sn_19952,1718334466,A
sn_19952,1718336291,A
sn_49459,1719545276,A
sn_3966,1718611673,A
sn_3966,1718627259,A
sn_68692,1719206512,B
sn_68692,1719256042,B
sn_68692,1719300114,B
sn_68692,1719650246,B
sn_68692,1720039921,B
sn_68692,1720219923,B
sn_68692,1720821128,B
sn_68692,1721083931,B
sn_68692,1721218932,B
sn_56079,1720731449,A
sn_56079,1721158789,A
sn_5481,1717541881,A
sn_5481,1718658589,A
sn_41628,1719418621,A
sn_41628,1719421580,A
sn_41628,1719425071,A
sn_41628,1719427646,A
sn_41628,1719430234,A
sn_41628,1719438896,A
sn_41628,1719453980,A
sn_41628,1719490700,A
sn_31285,1721020380,A
sn_15860,1718191586,A
sn_37502,1720733503,A
sn_9063,1721696452,A
sn_9063,1721699122,A
sn_9063,1721701864,A
sn_9063,1721704560,A
sn_9063,1721712569,A
sn_9063,1721717158,A
sn_9063,1721722885,A
sn_9063,1721730656,A
sn_9063,1721743518,A
sn_11779,1717489615,A
sn_61269,1721532946,A
sn_19328,1721530500,A
sn_19328,1721533273,A
sn_19328,1721534653,A
sn_1619,1722212201,A
sn_41524,1719804286,A
sn_41524,1719809790,A
sn_66175,1719725145,B
sn_66175,1719727686,B
sn_66175,1719768345,B
sn_53783,1719539780,A
sn_16974,1720052437,A
sn_16974,1720055246,A
sn_16974,1720063412,A
sn_16974,1720068804,A
sn_16974,1720074332,A
sn_16974,1720087881,A
sn_16974,1720093413,A
sn_16974,1720117302,A
sn_27090,1720828281,A
sn_27090,1722219301,A
sn_27090,1722282076,A
sn_8476,1722313156,A
sn_70658,1718198518,B
sn_68307,1720603351,B
sn_68307,1720611541,B
sn_68307,1720614271,B
sn_68307,1720625116,B
sn_9669,1720188508,A
sn_16026,1721882262,A
sn_16026,1721898677,A
sn_16026,1721925917,A
sn_16026,1722056627,A
sn_16026,1722108677,A
sn_16026,1722133037,A
sn_16026,1722138677,A
sn_16026,1722149487,A
sn_16026,1722329237,A
sn_16026,1722351352,A
sn_39516,1718672613,A
sn_39516,1718675274,A
sn_39516,1718696613,A
sn_39516,1718698488,A
sn_39516,1718723373,A
sn_39516,1718740294,A
sn_39516,1718786325,A
sn_39516,1718791414,A
sn_39516,1718794204,A
sn_39516,1718797414,A
sn_39516,1718807735,A
sn_39516,1718825279,A
sn_39516,1718827414,A
sn_39516,1718855258,A
sn_39516,1718860654,A
sn_39516,1718869893,A
sn_39516,1718875893,A
sn_39516,1718882529,A
sn_39516,1718898936,A
sn_39516,1718916454,A
sn_39516,1719142214,A
sn_39516,1719162955,A
sn_39516,1719173735,A
sn_39516,1719184099,A
sn_39516,1719198694,A
sn_39516,1719211414,A
sn_39516,1719214934,A
sn_39516,1719220413,A
sn_39516,1719223449,A
sn_39516,1719255950,A
sn_39516,1719258693,A
sn_39516,1719261494,A
sn_39516,1719263493,A
sn_39516,1719279354,A
sn_39516,1719283449,A
sn_39516,1719288945,A
sn_39516,1719299853,A
sn_39516,1719307789,A
sn_39516,1719327140,A
sn_39516,1719333093,A
sn_39516,1719339813,A
sn_39516,1719355069,A
sn_39516,1719361294,A
sn_39516,1719374259,A
sn_39516,1719389014,A
sn_39516,1719422494,A
sn_39516,1719468693,A
sn_39516,1719474259,A
sn_39516,1719494384,A
sn_39516,1719524974,A
sn_39516,1719536973,A
sn_64934,1722334969,A
sn_64934,1722337677,A
sn_64934,1722339841,A
sn_64934,1722342822,A
sn_64934,1722345827,A
sn_64934,1722348587,A
sn_64934,1722351223,A
sn_64934,1722353029,A
sn_64934,1722402496,A
sn_64934,1722405105,A
sn_64934,1722413991,A
sn_20689,1717197307,A
sn_20689,1717202687,A
sn_63551,1717213148,A
sn_63551,1717243028,A
sn_63551,1717253948,A
sn_63551,1717257308,A
sn_63551,1717264508,A
sn_63551,1717358228,A
sn_63551,1717454348,A
sn_63551,1717480868,A
sn_63551,1717483508,A
sn_63551,1717532108,A
sn_63551,1717543523,A
sn_63551,1717854355,A
sn_63551,1717870815,A
sn_63551,1717878699,A
sn_63551,1717883379,A
sn_63551,1718031579,A
sn_63551,1718060739,A
sn_63551,1718069395,A
sn_63551,1718166360,A
sn_63551,1718193838,A
sn_63551,1718202838,A
sn_63551,1718235243,A
sn_63551,1718263438,A
sn_63551,1718276878,A
sn_63551,1718386318,A
sn_63551,1718392563,A
sn_63551,1718402638,A
sn_63551,1718405183,A
sn_63551,1718409598,A
sn_63551,1718437583,A
sn_63551,1718454478,A
sn_63551,1718456883,A
sn_63551,1718459158,A
sn_63551,1718461918,A
sn_63551,1718478478,A
sn_63551,1718486283,A
sn_63551,1718498078,A
sn_63551,1718511718,A
sn_63551,1718525398,A
sn_63551,1718538873,A
sn_63551,1718544238,A
sn_63551,1718546758,A
sn_63551,1718552638,A
sn_63551,1718576638,A
sn_63551,1718582398,A
sn_63551,1718584948,A
sn_63551,1718587693,A
sn_63551,1718590438,A
sn_63551,1718595478,A
sn_63551,1718598598,A
sn_63551,1718600998,A
sn_63551,1718607118,A
sn_63551,1718623238,A
sn_63551,1719585718,A
sn_63551,1719599193,A
sn_63551,1719607838,A
sn_63551,1719610678,A
sn_63551,1719613103,A
sn_63551,1719623638,A
sn_63551,1719632548,A
sn_63551,1719640558,A
sn_58117,1718898842,A
sn_58117,1718901385,A
sn_58117,1718906878,A
sn_58117,1718907705,A
sn_58117,1718910959,A
sn_64854,1721570765,A
sn_35133,1721672307,A
sn_35133,1721672746,A
sn_35133,1721705079,A
sn_16234,1720119641,A
sn_34082,1721244131,A
sn_34082,1721492328,A
sn_34082,1721500538,A
sn_34082,1721514139,A
sn_34082,1721516753,A
sn_1777,1719729387,A
sn_1777,1720101485,A
sn_64415,1720563624,A
sn_50720,1718132684,A
sn_50720,1718135438,A
sn_50720,1718138000,A
sn_50720,1718140846,A
sn_50720,1718143476,A
sn_50720,1718145787,A
sn_50720,1718157241,A
sn_50720,1718162556,A
sn_24008,1718282673,A
sn_13559,1720142497,A
sn_13559,1720862395,A
sn_51398,1718075407,A
sn_52168,1718380157,A
sn_18783,1719752133,A
sn_30527,1720461571,A
sn_11406,1722190411,A
sn_11406,1722198332,A
sn_11406,1722201209,A
sn_11406,1722209506,A
sn_11406,1722212169,A
sn_11406,1722216246,A
sn_11406,1722225232,A
sn_11406,1722243241,A
sn_36745,1719206182,A
sn_36745,1719210682,A
sn_48220,1718165436,A
sn_36994,1721186928,A
sn_30233,1717628167,A
sn_38965,1717922689,A
sn_38965,1717925451,A
sn_38965,1717928183,A
sn_38965,1717930771,A
sn_38965,1717934968,A
sn_38965,1717944187,A
sn_38965,1717949220,A
sn_38965,1717952443,A
sn_38965,1717952961,A
sn_38965,1717956560,A
sn_38965,1717962887,A
sn_38965,1717968290,A
sn_38965,1717970959,A
sn_38965,1717977261,A
sn_61752,1718618116,A
sn_61752,1718836276,A
sn_39751,1720698819,A
sn_39751,1720701471,A
sn_39751,1720704272,A
sn_39751,1720706743,A
sn_39751,1720709657,A
sn_39751,1720712351,A
sn_67322,1719812500,B
sn_67322,1719861163,B
sn_47994,1720283895,A
sn_58968,1721478107,A
sn_58968,1721516913,A
sn_58968,1721518419,A
sn_58968,1722195825,A
sn_58834,1721799990,A
sn_19298,1718822558,A
sn_19298,1718833496,A
sn_19298,1718839007,A
sn_19298,1718849911,A
sn_19298,1718863512,A
sn_19298,1718869001,A
sn_19298,1718871666,A
sn_19298,1718874434,A
sn_19298,1718882560,A
sn_19298,1718885342,A
sn_19298,1718888087,A
sn_19298,1718890001,A
sn_9298,1721143471,A
sn_9298,1721229148,A
sn_72078,1718677758,B
sn_24177,1720085245,A
sn_24177,1720087872,A
sn_24177,1720090643,A
sn_24177,1720093366,A
sn_24177,1720095399,A
sn_39143,1717319241,A
sn_39143,1717326141,A
sn_32342,1721805983,A
sn_32342,1721808617,A
sn_32342,1721809815,A
sn_32342,1721827406,A
sn_36366,1719353312,A
sn_60517,1717854415,A
sn_60517,1717856494,A
sn_60517,1717862140,A
sn_60517,1717864572,A
sn_60517,1717880770,A
sn_60517,1717898160,A
sn_60517,1717902384,A
sn_60517,1717915917,A
sn_26679,1720777799,A
sn_26679,1720779480,A
sn_26679,1720802115,A
sn_26679,1720814844,A
sn_60320,1717870843,A
sn_60320,1717873609,A
sn_60320,1717896637,A
sn_49990,1721851790,A
sn_49990,1721854949,A
sn_49990,1721859962,A
sn_49990,1721863070,A
sn_49990,1721868111,A
sn_49990,1721871152,A
sn_49990,1721873872,A
sn_49990,1721875312,A
sn_49990,1721879286,A
sn_49990,1721881562,A
sn_49990,1721884312,A
sn_49990,1721931059,A
sn_71698,1717641379,B
sn_71698,1717644160,B
sn_71698,1717645555,B
sn_71698,1717651639,B
sn_64685,1722378516,A
sn_64685,1722392197,A
sn_17138,1717642244,A
sn_17138,1717661927,A
sn_17138,1718165437,A
sn_17138,1718173609,A
sn_17138,1718181157,A
sn_17138,1718227592,A
sn_17138,1718228258,A
sn_17138,1718496308,A
sn_17138,1718671695,A
sn_17138,1718846257,A
sn_17138,1718933633,A
sn_17138,1718957838,A
sn_17138,1719037401,A
sn_17138,1719105671,A
sn_17138,1719115894,A
sn_17138,1719201503,A
sn_17138,1719458386,A
sn_5936,1717429108,A
sn_63659,1717846374,A
sn_63659,1717849090,A
sn_63659,1717851815,A
sn_63659,1717862683,A
sn_63659,1717864334,A
sn_63659,1717867900,A
sn_63659,1717878227,A
sn_63659,1717900575,A
sn_63659,1717921111,A
sn_63659,1717927445,A
sn_58435,1720488764,A
sn_58435,1720491277,A
sn_58435,1720499666,A
sn_58435,1720508817,A
sn_61302,1720463898,A
sn_61801,1722127747,A
sn_61801,1722135528,A
sn_63621,1719918831,A
sn_63621,1720420665,A
sn_64061,1719062174,A
sn_64061,1719103390,A
sn_44429,1718050884,A
sn_44429,1718053523,A
sn_44429,1718056177,A
sn_44429,1718058924,A
sn_44429,1718061576,A
sn_44429,1718064479,A
sn_44429,1718067116,A
sn_44429,1718069724,A
sn_44429,1718075124,A
sn_44429,1718079731,A
sn_44429,1718085923,A
sn_44429,1718094086,A
sn_44429,1718096723,A
sn_44429,1718099376,A
sn_44429,1718102123,A
sn_44429,1718107523,A
sn_44429,1718110175,A
sn_44429,1718111974,A
sn_44429,1718118323,A
sn_44429,1718126375,A
sn_44429,1718131776,A
sn_6521,1718581740,A
sn_10245,1720786084,A
sn_10245,1720787789,A
sn_40640,1719430762,A
sn_40640,1719717097,A
sn_40640,1719719825,A
sn_40640,1720548828,A
sn_40640,1720668817,A
sn_43251,1720573379,A
sn_43251,1720576103,A
sn_72472,1721734969,B
sn_72472,1721736725,B
sn_51862,1722146266,A
sn_24107,1717243655,A
sn_42875,1718522540,A
sn_42875,1718524823,A
sn_42875,1718527216,A
sn_42875,1718529756,A
sn_42875,1718533358,A
sn_42875,1718538756,A
sn_42875,1718546663,A
sn_42875,1718548694,A
sn_42875,1718550409,A
sn_42875,1718560594,A
sn_7362,1717838155,A
sn_7362,1717844279,A
sn_69682,1721011749,B
sn_41159,1720336120,A
sn_41159,1721790603,A
sn_63259,1720109653,A
sn_67400,1718697186,B
sn_67400,1718702106,B
sn_52906,1717971115,A
sn_42732,1720943932,A
sn_42732,1720949692,A
sn_42732,1720955092,A
sn_12994,1717682682,A
sn_12994,1717683517,A
sn_12994,1717687328,A
sn_12994,1717690864,A
sn_12994,1717693456,A
sn_12994,1717697950,A
sn_12994,1717701409,A
sn_31011,1720924841,A
sn_31011,1720937697,A
sn_31011,1721001298,A
sn_31011,1721024470,A
sn_9178,1718845588,A
sn_9178,1718851079,A
sn_9178,1718852747,A
sn_22141,1717611854,A
sn_22141,1717958184,A
sn_22141,1718650844,A
sn_22141,1720289769,A
sn_22141,1721519575,A
sn_22141,1721525094,A
sn_17653,1717275556,A
sn_38427,1717502777,A
sn_38427,1717730335,A
sn_38427,1717734535,A
sn_38427,1717745335,A
sn_38427,1717756135,A
sn_38427,1717949935,A
sn_38427,1717988179,A
sn_38427,1717993615,A
sn_38427,1718037264,A
sn_38427,1718217249,A
sn_38427,1718648095,A
sn_38427,1718941255,A
sn_38427,1718943774,A
sn_38427,1718950255,A
sn_38427,1718952285,A
sn_38427,1718954335,A
sn_38427,1718958535,A
sn_38427,1718960455,A
sn_38427,1718964414,A
sn_38427,1718966569,A
sn_38427,1718968729,A
sn_38427,1718971135,A
sn_38427,1718975215,A
sn_38427,1718977255,A
sn_38427,1718979295,A
sn_38427,1718981455,A
sn_38427,1718985655,A
sn_38427,1718987815,A
sn_38427,1718989855,A
sn_38427,1718994174,A
sn_38427,1718998494,A
sn_38427,1719002455,A
sn_38427,1719006414,A
sn_38427,1719010494,A
sn_38427,1719012889,A
sn_38427,1719015054,A
sn_38427,1719018984,A
sn_38427,1719021055,A
sn_38427,1719023215,A
sn_38427,1719029685,A
sn_38427,1719031844,A
sn_38427,1719037615,A
sn_38427,1719039529,A
sn_38427,1719043495,A
sn_38427,1719045774,A
sn_38427,1719047695,A
sn_38427,1719049975,A
sn_38427,1719053689,A
sn_38427,1719055495,A
sn_38427,1719059455,A
sn_38427,1719063655,A
sn_38427,1719070730,A
sn_38427,1719072895,A
sn_38427,1719074696,A
sn_38427,1719078655,A
sn_38427,1719080815,A
sn_38427,1719089889,A
sn_38427,1719092216,A
sn_38427,1719096535,A
sn_38427,1719100255,A
sn_38427,1719102055,A
sn_38427,1719106249,A
sn_38427,1719106375,A
sn_38427,1719110094,A
sn_38427,1719112375,A
sn_38427,1719117160,A
sn_38427,1719119335,A
sn_38427,1719121255,A
sn_38427,1719125215,A
sn_38427,1719127255,A
sn_38427,1719134450,A
sn_38427,1719138970,A
sn_38427,1719141054,A
sn_38427,1719146935,A
sn_38427,1719148735,A
sn_38427,1719155215,A
sn_38427,1719161815,A
sn_38427,1719166015,A
sn_38427,1719168050,A
sn_38427,1719172610,A
sn_38427,1719176695,A
sn_38427,1719178616,A
sn_38427,1719182574,A
sn_38427,1719184616,A
sn_38427,1719186649,A
sn_38427,1719190734,A
sn_38427,1719192771,A
sn_38427,1719194815,A
sn_38427,1719198885,A
sn_38427,1719837010,A
sn_38427,1719858890,A
sn_38427,1719861631,A
sn_38427,1719864166,A
sn_38427,1719872531,A
sn_38427,1719875196,A
sn_38427,1719877967,A
sn_38427,1719883366,A
sn_38427,1719886101,A
sn_38427,1719888896,A
sn_38427,1719891621,A
sn_38427,1719896901,A
sn_38427,1719902530,A
sn_38427,1719905206,A
sn_38427,1719907967,A
sn_38427,1719913367,A
sn_38427,1719921610,A
sn_38427,1719924266,A
sn_38427,1719929785,A
sn_38427,1719943365,A
sn_38427,1719946090,A
sn_72941,1720352417,B
sn_72941,1720417352,B
sn_63072,1721396839,A
sn_64560,1717404341,A
sn_64560,1717411774,A
sn_64560,1717414778,A
sn_64560,1717418170,A
sn_64560,1717418736,A
sn_64560,1717426055,A
sn_64560,1717427169,A
sn_64560,1717433417,A
sn_26385,1717188742,A
sn_26385,1717284607,A
sn_26385,1717786352,A
sn_26385,1717909092,A
sn_26385,1718323597,A
sn_26385,1718675317,A
sn_26385,1719591637,A
sn_26385,1719692542,A
sn_26385,1719809762,A
sn_26385,1719817947,A
sn_26385,1719828867,A
sn_26385,1719883447,A
sn_26385,1720030702,A
sn_26385,1720158862,A
sn_26385,1720191592,A
sn_26385,1720278857,A
sn_26385,1720303312,A
sn_26385,1720387932,A
sn_26385,1720426092,A
sn_26385,1720447832,A
sn_26385,1720456092,A
sn_26385,1720457782,A
sn_26385,1720538475,A
sn_6162,1722332223,A
sn_23710,1721343166,A
sn_49216,1720655608,A
sn_39472,1721732341,A
sn_39472,1721735043,A
sn_39472,1721743125,A
sn_56796,1720762786,A
sn_56796,1722070441,A
sn_35537,1720469739,A
sn_35537,1720470957,A
sn_7824,1721091509,A
sn_7824,1721113294,A
sn_7824,1721126955,A
sn_7824,1721140538,A
sn_7824,1721143290,A
sn_63660,1721388036,A
sn_17212,1720009681,A
sn_59808,1717821803,A
sn_59808,1717826844,A
sn_8936,1718917986,A
sn_69487,1721955939,B
sn_72905,1722236745,B
sn_72905,1722310461,B
sn_29821,1722377454,A
sn_47752,1717935756,A
sn_47752,1717963602,A
sn_48307,1719834357,A
sn_48307,1719836866,A
sn_48307,1719839371,A
sn_48307,1719847417,A
sn_48307,1719850292,A
sn_48307,1719853207,A
sn_48307,1719855816,A
sn_48307,1719858212,A
sn_48307,1719860971,A
sn_48307,1719869011,A
sn_48307,1719879812,A
sn_33892,1717175534,A
sn_33892,1717178173,A
sn_33892,1717232804,A
sn_33892,1717238065,A
sn_33892,1717244909,A
sn_33892,1717251890,A
sn_33892,1717262581,A
sn_33892,1717335849,A
sn_33892,1717386488,A
sn_33892,1717401848,A
sn_33892,1717429008,A
sn_33892,1717467524,A
sn_33892,1717472780,A
sn_33892,1717489570,A
sn_33892,1717565408,A
sn_33892,1717628215,A
sn_33892,1717649039,A
sn_33892,1717663606,A
sn_33892,1717674359,A
sn_33892,1717749168,A
sn_33892,1717758986,A
sn_33892,1717841050,A
sn_33892,1717863995,A
sn_33892,1717995600,A
sn_33892,1718019962,A
sn_33892,1718026799,A
sn_33892,1718033196,A
sn_33892,1718036759,A
sn_33892,1718067600,A
sn_33892,1718080800,A
sn_33892,1718098200,A
sn_33892,1718111640,A
sn_33892,1718116200,A
sn_33892,1718116940,A
sn_33892,1718132672,A
sn_33892,1718138759,A
sn_33892,1718157251,A
sn_33892,1718159890,A
sn_33892,1718162640,A
sn_33892,1718169239,A
sn_33892,1718190600,A
sn_33892,1718195160,A
sn_33892,1718197560,A
sn_33892,1718198764,A
sn_33892,1718202621,A
sn_33892,1718249906,A
sn_33892,1718345162,A
sn_33892,1718449560,A
sn_33892,1718478855,A
sn_33892,1718483759,A
sn_33892,1718509440,A
sn_33892,1718560831,A
sn_33892,1718593225,A
sn_33892,1718612519,A
sn_33892,1718614345,A
sn_33892,1718620799,A
sn_33892,1718661599,A
sn_33892,1718720325,A
sn_33892,1718798085,A
sn_33892,1718822639,A
sn_33892,1718833480,A
sn_33892,1718860819,A
sn_33892,1718875925,A
sn_33892,1718884819,A
sn_33892,1718898489,A
sn_33892,1718907119,A
sn_33892,1718919130,A
sn_33892,1718927409,A
sn_33892,1718943745,A
sn_33892,1718972320,A
sn_33892,1718976970,A
sn_33892,1718978806,A
sn_33892,1719136465,A
sn_33892,1719194792,A
sn_33892,1719203039,A
sn_33892,1719222390,A
sn_33892,1719234599,A
sn_33892,1719245879,A
sn_33892,1719271799,A
sn_33892,1719310720,A
sn_33892,1719314915,A
sn_33892,1719387005,A
sn_33892,1719391079,A
sn_33892,1719411489,A
sn_33892,1719452550,A
sn_33892,1719458760,A
sn_33892,1719464044,A
sn_33892,1719546745,A
sn_33892,1719550725,A
sn_33892,1719551039,A
sn_33892,1719561599,A
sn_33892,1719569775,A
sn_33892,1719572399,A
sn_33892,1719582959,A
sn_33892,1719591620,A
sn_33892,1719597035,A
sn_33892,1719599639,A
sn_33892,1719602560,A
sn_33892,1719605294,A
sn_33892,1719610705,A
sn_33892,1719646120,A
sn_33892,1719648849,A
sn_33892,1719662540,A
sn_33892,1719665080,A
sn_33892,1719743759,A
sn_33892,1719760679,A
sn_33892,1719763439,A
sn_33892,1719777030,A
sn_33892,1719782399,A
sn_33892,1719785159,A
sn_33892,1719790320,A
sn_33892,1719801520,A
sn_33892,1719847920,A
sn_33892,1719850679,A
sn_33892,1719861604,A
sn_33892,1719937105,A
sn_33892,1719938180,A
sn_33892,1719981615,A
sn_33892,1719987046,A
sn_33892,1720003431,A
sn_33892,1720406994,A
sn_33892,1720417912,A
sn_30332,1719954271,A
sn_30332,1719956672,A
sn_30332,1719959432,A
sn_30332,1719964085,A
sn_30332,1719970112,A
sn_30332,1719973112,A
sn_30332,1719975512,A
sn_30332,1719978151,A
sn_30332,1719981031,A
sn_30332,1719987031,A
sn_30332,1719992191,A
sn_30332,1719996872,A
sn_13579,1717579102,A
sn_6046,1720990521,A
sn_6046,1721609581,A
sn_6046,1721703946,A
sn_6046,1721737261,A
sn_68235,1722433051,B
sn_7676,1718176207,A
sn_7676,1718178613,A
sn_7676,1718181186,A
sn_7676,1718184507,A
sn_7676,1718192344,A
sn_7676,1718215859,A
sn_62257,1719275317,A
sn_62257,1719277957,A
sn_62257,1719280607,A
sn_62257,1719283403,A
sn_62257,1719286117,A
sn_62257,1719288637,A
sn_62257,1719294407,A
sn_62257,1719296587,A
sn_62257,1719306877,A
sn_62257,1719329582,A
sn_44908,1720068859,A
sn_44908,1720071204,A
sn_44908,1720078043,A
sn_44908,1720082005,A
sn_44908,1720085043,A
sn_44908,1720087284,A
sn_44908,1720095325,A
sn_44908,1720100889,A
sn_44908,1720103748,A
sn_44908,1720106969,A
sn_1154,1718366748,A
sn_1154,1720547757,A
sn_1154,1721884076,A
sn_1154,1722059382,A
sn_52141,1722408615,A
sn_52141,1722410982,A
sn_52141,1722420940,A
sn_52141,1722427439,A
sn_52141,1722432830,A
sn_69366,1717172714,B
sn_31859,1719452466,A
sn_147,1721061483,A
sn_147,1721074911,A
sn_12725,1718061809,A
sn_12725,1718064492,A
sn_12725,1718067125,A
sn_12725,1718069973,A
sn_12725,1718075409,A
sn_12725,1718078050,A
sn_12725,1718080209,A
sn_12725,1718086351,A
sn_12725,1718102660,A
sn_12725,1718119072,A
sn_12725,1718124505,A
sn_12725,1718225422,A
sn_12725,1718236332,A
sn_12725,1718287943,A
sn_12725,1718290822,A
sn_12725,1718293585,A
sn_12725,1718397975,A
sn_12725,1718405405,A
sn_12725,1718408140,A
sn_12725,1718426576,A
sn_12725,1718560821,A
sn_12725,1718626297,A
sn_12725,1718642274,A
sn_12725,1718830815,A
sn_12725,1719471638,A
sn_12725,1719665027,A
sn_12725,1720349624,A
sn_12725,1720444183,A
sn_54573,1719360928,A
sn_48789,1717401828,A
sn_48789,1717404566,A
sn_48789,1717406597,A
sn_48789,1717409622,A
sn_48789,1717412710,A
sn_48789,1717415113,A
sn_48789,1717423022,A
sn_48789,1717426382,A
sn_48789,1717428069,A
sn_48789,1717447912,A
sn_48789,1717459274,A
sn_66715,1717393492,B
sn_46203,1718843960,A
sn_46203,1718849040,A
sn_8977,1719804342,A
sn_59126,1717358199,A
sn_59126,1717360719,A
sn_59126,1717363419,A
sn_59126,1717366118,A
sn_59126,1717370599,A
sn_66394,1717478227,B
sn_66394,1717907274,B
sn_66394,1718460787,B
sn_66394,1718507978,B
sn_66394,1718546587,B
sn_66394,1720052707,B
sn_66394,1720224307,B
sn_66394,1720310107,B
sn_66394,1721378467,B
sn_66394,1721464267,B
sn_66394,1721550067,B
sn_66394,1721635878,B
sn_66394,1721854747,B
sn_66394,1722112189,B
sn_66394,1722150787,B
sn_61381,1722013177,A
sn_23331,1718126971,A
sn_23331,1718129246,A
sn_23331,1718143617,A
sn_23331,1718146325,A
sn_3973,1719967319,A
sn_3973,1719970326,A
sn_3973,1719971645,A
sn_3973,1719986875,A
sn_41180,1718437998,A
sn_41180,1718451771,A
sn_41180,1718464966,A
sn_41180,1718468129,A
sn_41180,1718470861,A
sn_41180,1718473487,A
sn_41180,1718476147,A
sn_41180,1718500765,A
sn_41180,1718517166,A
sn_41180,1718519940,A
sn_41180,1718555373,A
sn_41180,1718558124,A
sn_41180,1718563491,A
sn_41180,1718565888,A
sn_41180,1718606689,A
sn_16640,1719286090,A
sn_23278,1717200867,A
sn_23278,1717377207,A
sn_23278,1717450895,A
sn_23278,1719107419,A
sn_65463,1720458644,A
sn_14538,1719708916,A
sn_14538,1719711577,A
sn_14538,1719714310,A
sn_14538,1719717068,A
sn_14538,1719725155,A
sn_14538,1719733436,A
sn_14538,1719738320,A
sn_14538,1719741081,A
sn_14538,1719743976,A
sn_14538,1719749117,A
sn_14538,1719754190,A
sn_14538,1719757876,A
sn_14538,1719763395,A
sn_44166,1717677255,A
sn_44166,1717679990,A
sn_44166,1717682727,A
sn_11592,1720553853,A
sn_16659,1717399143,A
sn_39070,1718320142,A
sn_63874,1718372670,A
sn_61289,1719212287,A
sn_61289,1719214209,A
sn_61289,1719234004,A
sn_61289,1719247695,A
sn_29053,1717862684,A
sn_29053,1717865399,A
sn_29053,1717873439,A
sn_29053,1717895159,A
sn_29053,1717911719,A
sn_29053,1717941719,A
sn_29053,1717966319,A
sn_29053,1718004509,A
sn_29053,1718012639,A
sn_29053,1718017559,A
sn_29053,1718037119,A
sn_29053,1718047964,A
sn_29053,1718059079,A
sn_29053,1718067259,A
sn_29053,1718069684,A
sn_29053,1718087639,A
sn_29053,1718105409,A
sn_29053,1718129684,A
sn_29053,1718142599,A
sn_29053,1718146219,A
sn_29053,1718162659,A
sn_29053,1718239030,A
sn_29053,1718252574,A
sn_29053,1718263494,A
sn_29053,1718282574,A
sn_29053,1718312694,A
sn_29053,1718347974,A
sn_29053,1718350744,A
sn_29053,1718364450,A
sn_29053,1718388894,A
sn_29053,1718427205,A
sn_29053,1718443254,A
sn_29053,1718451560,A
sn_29053,1718473494,A
sn_29053,1718476160,A
sn_29053,1718497734,A
sn_29053,1718503290,A
sn_29053,1718519934,A
sn_29053,1718555099,A
sn_29053,1718560749,A
sn_29053,1718579574,A
sn_29053,1718593494,A
sn_29053,1718639334,A
sn_29053,1718645214,A
sn_29053,1718664294,A
sn_29053,1718672574,A
sn_29053,1718789219,A
sn_29053,1718792490,A
sn_29053,1718803520,A
sn_29053,1718827515,A
sn_29053,1718863254,A
sn_29053,1718890614,A
sn_29053,1718900615,A
sn_29053,1718926155,A
sn_29053,1718981980,A
sn_29053,1719005104,A
sn_29053,1719019885,A
sn_29053,1719024340,A
sn_29053,1719030940,A
sn_29053,1719035135,A
sn_29053,1719043014,A
sn_29053,1719045320,A
sn_29053,1719047375,A
sn_29053,1719053814,A
sn_29053,1719055864,A
sn_29053,1719064540,A
sn_29053,1719083860,A
sn_29053,1719112254,A
sn_29053,1719129414,A
sn_29053,1719138299,A
sn_29053,1719144174,A
sn_29053,1719157014,A
sn_29053,1719164950,A
sn_29053,1719168925,A
sn_29053,1719198095,A
sn_29053,1719201664,A
sn_29053,1719204294,A
sn_29053,1719206934,A
sn_29053,1719209730,A
sn_29053,1719217770,A
sn_29053,1719247374,A
sn_29053,1719250650,A
sn_29053,1719253254,A
sn_29053,1719258774,A
sn_29053,1719261654,A
sn_29053,1719280660,A
sn_29053,1719283499,A
sn_29053,1719307974,A
sn_29053,1719335120,A
sn_29053,1719337974,A
sn_29053,1719348774,A
sn_29053,1719384174,A
sn_29053,1719392214,A
sn_29053,1719447100,A
sn_29053,1719449454,A
sn_29053,1719476574,A
sn_29053,1719479720,A
sn_29053,1719485130,A
sn_29053,1719490520,A
sn_29053,1719507054,A
sn_29053,1719509814,A
sn_29053,1719512255,A
sn_29053,1719515120,A
sn_29053,1719520734,A
sn_29053,1719542380,A
sn_29053,1719577629,A
sn_29053,1719594294,A
sn_29053,1719605000,A
sn_29053,1719618894,A
sn_29053,1719640734,A
sn_29053,1719665255,A
sn_29053,1719667494,A
sn_29053,1719670614,A
sn_29053,1719708685,A
sn_29053,1719712895,A
sn_29053,1719724974,A
sn_29053,1719743824,A
sn_29053,1719776949,A
sn_29053,1719800694,A
sn_29053,1719812334,A
sn_29053,1719828534,A
sn_29053,1719861309,A
sn_29053,1719866939,A
sn_29053,1719880494,A
sn_29053,1719891294,A
sn_29053,1719939894,A
sn_29053,1719948304,A
sn_29053,1719954654,A
sn_29053,1719967974,A
sn_29053,1719972445,A
sn_29053,1719984215,A
sn_29053,1719992230,A
sn_29053,1720008534,A
sn_29053,1720016725,A
sn_29053,1720046454,A
sn_29053,1720082454,A
sn_29053,1720084749,A
sn_29053,1720100934,A
sn_29053,1720117614,A
sn_29053,1720122894,A
sn_29053,1720142334,A
sn_29053,1720156139,A
sn_29053,1720158774,A
sn_29053,1720213374,A
sn_29053,1720234279,A
sn_29053,1720240614,A
sn_29053,1720256949,A
sn_29053,1720259464,A
sn_29053,1720264974,A
sn_29053,1720278654,A
sn_29053,1720287815,A
sn_29053,1720339300,A
sn_29053,1720346469,A
sn_29053,1720348420,A
sn_29053,1720355214,A
sn_29053,1720397934,A
sn_29053,1720432864,A
sn_29053,1720444989,A
sn_29053,1720460214,A
sn_29053,1720483134,A
sn_29053,1720507734,A
sn_29053,1720537295,A
sn_29053,1720559485,A
sn_29053,1720618974,A
sn_29053,1720656090,A
sn_29053,1720663295,A
sn_29053,1720678374,A
sn_29053,1720688495,A
sn_29053,1720698554,A
sn_29053,1720732974,A
sn_29053,1720742370,A
sn_29053,1720744254,A
sn_29053,1720777854,A
sn_29053,1720799574,A
sn_29053,1720813014,A
sn_29053,1720843290,A
sn_29053,1720890419,A
sn_29053,1720897295,A
sn_29053,1720910620,A
sn_29053,1720934214,A
sn_29053,1720951390,A
sn_29053,1721056014,A
sn_29053,1721130774,A
sn_29053,1721138015,A
sn_29053,1721154215,A
sn_29053,1721164984,A
sn_29053,1721175779,A
sn_29053,1721183500,A
sn_4964,1720968317,A
sn_4964,1720971450,A
sn_4964,1720974194,A
sn_4964,1720976705,A
sn_4964,1720982086,A
sn_4964,1720984972,A
sn_4964,1720987419,A
sn_4964,1720992179,A
sn_4964,1720995786,A
sn_4964,1720998707,A
sn_4964,1721001083,A
sn_4964,1721003464,A
sn_36991,1717390962,A
sn_36991,1717393629,A
sn_36991,1717396399,A
sn_51800,1719217558,A
sn_11952,1717677296,A
sn_11952,1717680836,A
sn_52166,1717248590,A
sn_52166,1717278011,A
sn_52166,1717306007,A
sn_52166,1717381591,A
sn_52166,1717400547,A
sn_52166,1717412166,A
sn_52166,1717445425,A
sn_52166,1717450843,A
sn_52166,1717491170,A
sn_52166,1717505290,A
sn_52166,1717508169,A
sn_52166,1717516394,A
sn_52166,1717524503,A
sn_52166,1717562639,A
sn_52166,1717567980,A
sn_52166,1717589939,A
sn_52166,1717603634,A
sn_52166,1717625447,A
sn_52166,1717652241,A
sn_52166,1717663638,A
sn_52166,1717693525,A
sn_52166,1717707176,A
sn_52166,1717736544,A
sn_52166,1717743596,A
sn_52166,1717748926,A
sn_52166,1717785963,A
sn_52166,1717802570,A
sn_52166,1717805306,A
sn_52166,1717827006,A
sn_52166,1717900819,A
sn_52166,1717913890,A
sn_52166,1717979166,A
sn_52166,1718080733,A
sn_52166,1718128897,A
sn_52166,1718159690,A
sn_52166,1718173609,A
sn_52166,1718284307,A
sn_52166,1718317789,A
sn_52166,1718405014,A
sn_52166,1718444961,A
sn_52166,1718450814,A
sn_52166,1718461285,A
sn_52166,1718544468,A
sn_52166,1718624976,A
sn_52166,1718631331,A
sn_52166,1718634117,A
sn_52166,1718642619,A
sn_52166,1718653414,A
sn_52166,1718661572,A
sn_52166,1718664469,A
sn_52166,1718675144,A
sn_52166,1718699898,A
sn_52166,1718721734,A
sn_52166,1718740812,A
sn_52166,1718743528,A
sn_52166,1718748940,A
sn_52166,1718765267,A
sn_52166,1718788789,A
sn_52166,1718805335,A
sn_52166,1718808700,A
sn_52166,1718814344,A
sn_52166,1718817091,A
sn_52166,1718819870,A
sn_52166,1718822632,A
sn_52166,1718830794,A
sn_52166,1718833432,A
sn_52166,1718836166,A
sn_52166,1718844457,A
sn_52166,1718863309,A
sn_52166,1718866180,A
sn_52166,1718896048,A
sn_52166,1718903987,A
sn_52166,1718909869,A
sn_52166,1718912392,A
sn_52166,1718917898,A
sn_52166,1718923428,A
sn_52166,1718925934,A
sn_52166,1718942509,A
sn_52166,1718949147,A
sn_52166,1718953437,A
sn_52166,1718973944,A
sn_52166,1718987367,A
sn_52166,1718991110,A
sn_52166,1718997106,A
sn_52166,1719006857,A
sn_52166,1719012855,A
sn_52166,1719018835,A
sn_52166,1719061092,A
sn_52166,1719063026,A
sn_52166,1719123862,A
sn_52166,1719130433,A
sn_52166,1719144332,A
sn_52166,1719151562,A
sn_52166,1719201593,A
sn_52166,1719264327,A
sn_52166,1719280427,A
sn_52166,1719286190,A
sn_52166,1719288831,A
sn_52166,1719296987,A
sn_52166,1719313285,A
sn_52166,1719340770,A
sn_52166,1719343177,A
sn_52166,1719351441,A
sn_52166,1719403328,A
sn_52166,1719416867,A
sn_52166,1719428032,A
sn_52166,1719433280,A
sn_52166,1719438812,A
sn_52166,1719447114,A
sn_52166,1719460655,A
sn_52166,1719466082,A
sn_52166,1719479366,A
sn_52166,1719515001,A
sn_52166,1719523192,A
sn_52166,1719539631,A
sn_52166,1719556182,A
sn_52166,1719616054,A
sn_52166,1719632369,A
sn_52166,1719635008,A
sn_52166,1719656867,A
sn_52166,1719681226,A
sn_52166,1719686874,A
sn_52166,1719708831,A
sn_52166,1719724906,A
sn_52166,1719760300,A
sn_52166,1719763418,A
sn_52166,1719768805,A
sn_52166,1719771564,A
sn_52166,1719787878,A
sn_52166,1719795442,A
sn_52166,1719801568,A
sn_52166,1719823405,A
sn_52166,1719836763,A
sn_52166,1719847699,A
sn_52166,1719856054,A
sn_52166,1719891470,A
sn_52166,1719896986,A
sn_52166,1719899739,A
sn_52166,1719902498,A
sn_52166,1719913071,A
sn_52166,1719932391,A
sn_52166,1719937781,A
sn_52166,1719943431,A
sn_52166,1719951589,A
sn_52166,1719953867,A
sn_52166,1719962485,A
sn_52166,1719967910,A
sn_52166,1719978802,A
sn_52166,1719981120,A
sn_52166,1720014322,A
sn_52166,1720025130,A
sn_52166,1720027884,A
sn_52166,1720030461,A
sn_52166,1720035924,A
sn_52166,1720038870,A
sn_52166,1720044295,A
sn_52166,1720046964,A
sn_52166,1720049735,A
sn_52166,1720060465,A
sn_52166,1720066049,A
sn_52166,1720107001,A
sn_52166,1720109738,A
sn_52166,1720112492,A
sn_52166,1720120530,A
sn_52166,1720123412,A
sn_52166,1720166967,A
sn_52166,1720180276,A
sn_52166,1720191576,A
sn_52166,1720218573,A
sn_52166,1720281454,A
sn_52166,1720292132,A
sn_52166,1720297760,A
sn_52166,1720300659,A
sn_52166,1720308318,A
sn_52166,1720316985,A
sn_52166,1720327884,A
sn_52166,1720330669,A
sn_52166,1720346994,A
sn_52166,1720357784,A
sn_52166,1720374231,A
sn_52166,1720412389,A
sn_52166,1720426060,A
sn_52166,1720428801,A
sn_52166,1720431098,A
sn_52166,1720445165,A
sn_52166,1720450159,A
sn_52166,1720453311,A
sn_52166,1720458813,A
sn_52166,1720461468,A
sn_52166,1720464013,A
sn_52166,1720469752,A
sn_52166,1720477774,A
sn_52166,1720480532,A
sn_52166,1720485929,A
sn_52166,1720488815,A
sn_52166,1720491458,A
sn_52166,1720496986,A
sn_52166,1720505130,A
sn_52166,1720513286,A
sn_52166,1720515892,A
sn_52166,1720518805,A
sn_52166,1720523390,A
sn_52166,1720526603,A
sn_52166,1720529631,A
sn_52166,1720546095,A
sn_52166,1720556987,A
sn_52166,1720565128,A
sn_52166,1720572578,A
sn_52166,1720575796,A
sn_52166,1720578467,A
sn_52166,1720589369,A
sn_52166,1720595186,A
sn_52166,1720604908,A
sn_52166,1720616891,A
sn_52166,1720627836,A
sn_52166,1720645309,A
sn_52166,1720654068,A
sn_52166,1720676181,A
sn_52166,1720704086,A
sn_52166,1720709622,A
sn_52166,1720720401,A
sn_52166,1720723287,A
sn_52166,1720728708,A
sn_52166,1720736990,A
sn_52166,1720742358,A
sn_52166,1720766989,A
sn_52166,1720786068,A
sn_52166,1720802141,A
sn_52166,1720813248,A
sn_52166,1720821336,A
sn_52166,1720873049,A
sn_52166,1720878590,A
sn_52166,1720891906,A
sn_52166,1720897792,A
sn_52166,1720935928,A
sn_52166,1720944075,A
sn_52166,1720952256,A
sn_52166,1720990430,A
sn_52166,1721091454,A
sn_52166,1721102360,A
sn_52166,1721110528,A
sn_52166,1721113294,A
sn_52166,1721118709,A
sn_52166,1721121495,A
sn_52166,1721129626,A
sn_52166,1721151341,A
sn_52166,1721156868,A
sn_52166,1721178683,A
sn_52166,1721184206,A
sn_52166,1721189638,A
sn_52166,1721200069,A
sn_52166,1721230426,A
sn_52166,1721233207,A
sn_52166,1721243858,A
sn_52166,1721263289,A
sn_52166,1721265933,A
sn_52166,1721276614,A
sn_52166,1721320310,A
sn_52166,1721331450,A
sn_52166,1721336792,A
sn_52166,1721342255,A
sn_52166,1721421460,A
sn_52166,1721431787,A
sn_52166,1721483973,A
sn_52166,1721486729,A
sn_52166,1721500449,A
sn_52166,1721511381,A
sn_52166,1721516888,A
sn_52166,1721522010,A
sn_52166,1721527771,A
sn_52166,1721538574,A
sn_52166,1721544099,A
sn_52166,1721568689,A
sn_52166,1721587695,A
sn_52166,1721598687,A
sn_52166,1721633843,A
sn_52166,1721650427,A
sn_52166,1721683041,A
sn_52166,1721685989,A
sn_52166,1721693963,A
sn_52166,1721718714,A
sn_52166,1721734906,A
sn_52166,1721740310,A
sn_52166,1721743187,A
sn_52166,1721748703,A
sn_52166,1721751256,A
sn_52166,1721767703,A
sn_52166,1721800529,A
sn_52166,1721813649,A
sn_52166,1721909511,A
sn_52166,1722010434,A
sn_52166,1722040162,A
sn_52166,1722045714,A
sn_52166,1722078483,A
sn_52166,1722089298,A
sn_52166,1722163189,A
sn_52166,1722195347,A
sn_52166,1722255922,A
sn_52166,1722283120,A
sn_52166,1722290747,A
sn_52166,1722364552,A
sn_52166,1722384095,A
sn_52166,1722400074,A
sn_52166,1722429812,A
sn_43602,1720036104,A
sn_43602,1720037409,A
sn_527,1718269064,A
sn_527,1718271415,A
sn_527,1718273787,A
sn_527,1718276929,A
sn_527,1718279556,A
sn_527,1718322754,A
sn_28479,1720243411,A
sn_40383,1719661213,A
sn_40383,1719684302,A
sn_40383,1719688172,A
sn_44243,1717276420,A
sn_44243,1717281821,A
sn_44243,1717289996,A
sn_44243,1717292619,A
sn_44243,1717300671,A
sn_44243,1717303546,A
sn_44243,1717306311,A
sn_44243,1717311707,A
sn_44243,1717314157,A
sn_44243,1717316870,A
sn_44243,1717320000,A
sn_44243,1717325025,A
sn_44243,1717330920,A
sn_34257,1717254578,A
sn_34257,1717801919,A
sn_34257,1717857083,A
sn_34257,1717922724,A
sn_34257,1718056164,A
sn_34257,1718099989,A
sn_34257,1718288124,A
sn_34257,1718317919,A
sn_34257,1718364484,A
sn_34257,1718369963,A
sn_34257,1718372649,A
sn_34257,1718405364,A
sn_34257,1718408123,A
sn_34257,1718525364,A
sn_34257,1718543124,A
sn_34257,1718549889,A
sn_34257,1718555363,A
sn_34257,1718563549,A
sn_34257,1718603844,A
sn_34257,1718757109,A
sn_34257,1718759844,A
sn_34257,1718784459,A
sn_34257,1718795364,A
sn_34257,1718860764,A
sn_34257,1718888029,A
sn_34257,1718949714,A
sn_34257,1718953084,A
sn_34257,1718960964,A
sn_34257,1718965569,A
sn_34257,1718969650,A
sn_34257,1718971809,A
sn_34257,1718973964,A
sn_34257,1718976349,A
sn_34257,1718980549,A
sn_34257,1718982604,A
sn_34257,1718984639,A
sn_34257,1718991004,A
sn_34257,1718993034,A
sn_34257,1718999889,A
sn_34257,1719002040,A
sn_34257,1719003954,A
sn_34257,1719007789,A
sn_34257,1719010329,A
sn_34257,1719018250,A
sn_34257,1719020164,A
sn_34257,1719024359,A
sn_34257,1719028444,A
sn_34257,1719032389,A
sn_34257,1719034079,A
sn_34257,1719036323,A
sn_34257,1719048599,A
sn_34257,1719050650,A
sn_34257,1719057009,A
sn_34257,1719059249,A
sn_34257,1719061569,A
sn_34257,1719063599,A
sn_34257,1719077724,A
sn_34257,1719079929,A
sn_34257,1719086154,A
sn_34257,1719088209,A
sn_34257,1719091929,A
sn_34257,1719094204,A
sn_34257,1719100209,A
sn_34257,1719102369,A
sn_34257,1719104994,A
sn_34257,1719107149,A
sn_34257,1719121569,A
sn_34257,1719123954,A
sn_34257,1719126094,A
sn_34257,1719130439,A
sn_34257,1719132369,A
sn_34257,1719136204,A
sn_34257,1719138369,A
sn_34257,1719140650,A
sn_34257,1719147129,A
sn_34257,1719149409,A
sn_34257,1719151569,A
sn_34257,1719153609,A
sn_34257,1719157569,A
sn_34257,1719159729,A
sn_34257,1719161754,A
sn_34257,1719166209,A
sn_34257,1719167999,A
sn_34257,1719170289,A
sn_34257,1719174004,A
sn_34257,1719176169,A
sn_34257,1719178199,A
sn_34257,1719182604,A
sn_34257,1719184909,A
sn_34257,1719186844,A
sn_34257,1719190789,A
sn_34257,1719192944,A
sn_34257,1719226204,A
sn_34257,1719239849,A
sn_34257,1719258959,A
sn_34257,1719269724,A
sn_34257,1719272529,A
sn_34257,1719294371,A
sn_68995,1720879166,B
sn_20586,1717336157,A
sn_20586,1717363530,A
sn_59923,1720862229,A
sn_59923,1720865161,A
sn_59923,1720865830,A
sn_17426,1718787191,A
sn_47172,1719327079,A
sn_47172,1719357079,A
sn_47172,1719610744,A
sn_47172,1719667999,A
sn_47172,1719872479,A
sn_47172,1719886160,A
sn_47172,1719891561,A
sn_47172,1719916159,A
sn_47172,1719921559,A
sn_47172,1719929798,A
sn_47172,1719932474,A
sn_47172,1720038884,A
sn_47172,1720049793,A
sn_47172,1720052479,A
sn_50144,1719176926,A
sn_50144,1719179353,A
sn_1615,1721461858,A
sn_1615,1721478454,A
sn_1615,1721491756,A
sn_20129,1722138017,A
sn_34738,1717194589,A
sn_34738,1717197334,A
sn_34738,1717200004,A
sn_34738,1717202374,A
sn_34738,1717205534,A
sn_34738,1717207899,A
sn_34738,1717210899,A
sn_34738,1717213534,A
sn_34738,1717216294,A
sn_34738,1717221694,A
sn_34738,1717276339,A
sn_34738,1717279054,A
sn_34738,1717281214,A
sn_34738,1717283974,A
sn_34738,1717294569,A
sn_34738,1717300324,A
sn_34738,1717308814,A
sn_34738,1717600459,A
sn_40436,1720903736,A
sn_40436,1721598598,A
sn_40436,1721683487,A
sn_60685,1721598637,A
sn_60685,1721601397,A
sn_60685,1721620234,A
sn_60685,1721644594,A
sn_60685,1721658476,A
sn_71507,1719195714,B
sn_71507,1719201318,B
sn_71507,1719204348,B
sn_71507,1719206478,B
sn_71507,1719209874,B
sn_71507,1719215284,B
sn_71507,1719218478,B
sn_45449,1721353135,A
sn_45449,1721361051,A
sn_7837,1721404937,A
sn_71432,1718359055,B
sn_71432,1718413556,B
sn_62048,1718182531,A
sn_62048,1718440060,A
sn_62048,1718441507,A
sn_62048,1718457088,A
sn_62048,1718471481,A
sn_62048,1718595563,A
sn_62048,1718611187,A
sn_62048,1718614903,A
sn_62048,1718618118,A
sn_62048,1718620545,A
sn_62048,1718623571,A
sn_62048,1718626271,A
sn_62048,1718626872,A
sn_62048,1718642598,A
sn_62048,1718643930,A
sn_62048,1719162377,A
sn_62048,1719369108,A
sn_62048,1719646197,A
sn_62048,1719665154,A
sn_62048,1719670692,A
sn_62048,1719673460,A
sn_62048,1719681953,A
sn_62048,1719921005,A
sn_62048,1719930912,A
sn_11451,1720204972,A
sn_11451,1720213143,A
sn_11451,1720218410,A
sn_55915,1721371857,A
sn_49298,1721097779,A
sn_49298,1721271487,A
sn_54690,1721566379,A
sn_19107,1719746944,A
sn_55740,1720177180,A
sn_49740,1717396071,A
sn_21005,1717338425,A
sn_21005,1717424804,A
sn_21005,1717736764,A
sn_21005,1717738919,A
sn_21005,1717765646,A
sn_23992,1720621666,A
sn_22072,1719614103,A
sn_22072,1719869300,A
sn_22072,1719954366,A
sn_22072,1720549827,A
sn_22072,1720634893,A
sn_22072,1721315420,A
sn_22072,1721400485,A
sn_22072,1721485551,A
sn_22072,1721570617,A
sn_22072,1721740749,A
sn_22072,1722251144,A
sn_15091,1721698558,A
sn_30318,1722070441,A
sn_30318,1722122208,A
sn_59312,1719468916,A
sn_59312,1719471669,A
sn_59312,1719477078,A
sn_59312,1719479847,A
sn_59312,1719482578,A
sn_59312,1719485246,A
sn_59312,1719490758,A
sn_59312,1719493486,A
sn_59312,1719496175,A
sn_59312,1719501668,A
sn_59312,1719504392,A
sn_59312,1719507066,A
sn_59312,1719512574,A
sn_59312,1719517998,A
sn_59312,1721639611,A
sn_59312,1721642358,A
sn_59312,1721645087,A
sn_59312,1721650537,A
sn_59312,1721666864,A
sn_59312,1721887756,A
sn_59312,1721917785,A
sn_7974,1718719008,A
sn_69767,1718197989,B
sn_69767,1718203352,B
sn_69767,1718214153,B
sn_69767,1718238511,B
sn_69767,1718257352,B
sn_69767,1718261911,B
sn_69767,1718268391,B
sn_22834,1719317409,A
sn_22834,1719411008,A
sn_56808,1721203026,A
sn_56808,1721362815,A
sn_56808,1721399605,A
sn_56808,1721402311,A
sn_56808,1721718289,A
sn_56808,1721794606,A
sn_56808,1721822223,A
sn_56808,1721931308,A
sn_56808,1721977353,A
sn_56808,1722029068,A
sn_56808,1722075747,A
sn_56808,1722124000,A
sn_56808,1722146833,A
sn_56808,1722171283,A
sn_56808,1722203672,A
sn_56808,1722265951,A
sn_56808,1722334874,A
sn_60933,1722351188,A
sn_9453,1718113622,A
sn_9453,1718119022,A
sn_9453,1718168102,A
sn_9453,1718176341,A
sn_9453,1718179022,A
sn_58759,1718055653,A
sn_58759,1718063711,A
sn_19197,1719167375,A
sn_38491,1717519112,A
sn_38491,1717535452,A
sn_38491,1717854538,A
sn_38491,1717898123,A
sn_38491,1718238983,A
sn_38491,1718290858,A
sn_38491,1718438123,A
sn_38491,1719201673,A
sn_38491,1719387129,A
sn_38491,1719452529,A
sn_38491,1719493464,A
sn_38491,1719561244,A
sn_38491,1719580714,A
sn_38491,1719583459,A
sn_38491,1719597049,A
sn_38491,1719654369,A
sn_38491,1719657049,A
sn_38491,1719673459,A
sn_38491,1719678889,A
sn_38491,1719681649,A
sn_38491,1719711644,A
sn_38491,1719714374,A
sn_38491,1719725209,A
sn_38491,1719730729,A
sn_38491,1719736129,A
sn_38491,1719744369,A
sn_38491,1719747049,A
sn_38491,1719763459,A
sn_38491,1719771639,A
sn_38491,1719787999,A
sn_38491,1719796184,A
sn_38491,1719877914,A
sn_38491,1719883444,A
sn_38491,1719897034,A
sn_38491,1719905179,A
sn_38491,1719927009,A
sn_38491,1720027974,A
sn_38491,1720055244,A
sn_38491,1720107059,A
sn_38491,1720123398,A
sn_38491,1720232484,A
sn_38491,1720423380,A
sn_38491,1720483374,A
sn_38491,1720494269,A
sn_38491,1720496919,A
sn_38491,1720518754,A
sn_38491,1720532439,A
sn_38491,1720543364,A
sn_38491,1720559729,A
sn_38491,1720573164,A
sn_38491,1720586999,A
sn_38491,1720600644,A
sn_38491,1720608824,A
sn_38491,1720614244,A
sn_38491,1720627884,A
sn_38491,1720641484,A
sn_38491,1720701484,A
sn_38491,1720717910,A
sn_38491,1720747904,A
sn_38491,1720756069,A
sn_38491,1720837884,A
sn_38491,1720886979,A
sn_38491,1720916979,A
sn_38491,1720960529,A
sn_38491,1721205995,A
sn_38491,1721216904,A
sn_38491,1721236004,A
sn_38491,1721287834,A
sn_38491,1721347770,A
sn_38491,1721451424,A
sn_38491,1721519564,A
sn_38491,1721536004,A
sn_38491,1721966825,A
sn_38491,1721969589,A
sn_38491,1721972330,A
sn_38491,1721983229,A
sn_38491,1721991385,A
sn_38491,1722045900,A
sn_38491,1722089540,A
sn_38491,1722138660,A
sn_38491,1722141400,A
sn_38491,1722156155,A
sn_38491,1722214995,A
sn_38491,1722217595,A
sn_14059,1717551857,A
sn_14059,1718165434,A
sn_14059,1718751740,A
sn_14059,1719239809,A
sn_14059,1719902533,A
sn_14059,1719905211,A
sn_14059,1720153367,A
sn_14059,1720158873,A
sn_14059,1720199778,A
sn_14059,1720213370,A
sn_14059,1720221528,A
sn_14059,1720259772,A
sn_14059,1720557014,A
sn_14059,1720641528,A
sn_14059,1720666097,A
sn_14059,1720712451,A
sn_14059,1720865167,A
sn_14059,1720867847,A
sn_14059,1720876004,A
sn_14059,1720881528,A
sn_14059,1720886923,A
sn_14059,1720903340,A
sn_14059,1720908765,A
sn_14059,1721086010,A
sn_14059,1721156930,A
sn_14059,1722223032,A
sn_53304,1718838710,A
sn_53304,1718841057,A
sn_53304,1718845714,A
sn_53304,1718848316,A
sn_53304,1718852205,A
sn_53304,1718855214,A
sn_53304,1718865982,A
sn_53304,1718876980,A
sn_57686,1721961372,A
sn_57686,1721963612,A
sn_57412,1718167991,A
sn_57651,1718074645,A
sn_57651,1718077321,A
sn_57651,1718097121,A
sn_57651,1718102521,A
sn_57651,1718105245,A
sn_57651,1718110646,A
sn_62814,1718732652,A
sn_62814,1718742845,A
sn_44927,1720540654,A
sn_44927,1720543327,A
sn_44927,1720546086,A
sn_44927,1720548836,A
sn_44927,1720551170,A
sn_44927,1720559570,A
sn_44927,1720567490,A
sn_44927,1720570650,A
sn_44927,1720573378,A
sn_49795,1717690763,A
sn_61339,1718874245,A
sn_61339,1718903746,A
sn_65394,1720965966,A
sn_65394,1720976029,A
sn_65394,1721026970,A
sn_17839,1718735217,A
sn_17839,1718738074,A
sn_17839,1718786099,A
sn_17839,1718796668,A
sn_30027,1719367913,A
sn_30027,1719432077,A
sn_1187,1718620808,A
sn_1187,1718623320,A
sn_1187,1718626123,A
sn_1187,1718627868,A
sn_1187,1718631370,A
sn_1187,1718647179,A
sn_1187,1718658941,A
sn_52797,1717189094,A
sn_52797,1717243696,A
sn_52797,1717246374,A
sn_52797,1717265459,A
sn_52797,1717270979,A
sn_52797,1717295418,A
sn_52797,1717298209,A
sn_52797,1717320059,A
sn_52797,1717328218,A
sn_52797,1717333700,A
sn_52797,1717336360,A
sn_52797,1717339136,A
sn_52797,1717358219,A
sn_52797,1717388218,A
sn_52797,1717390969,A
sn_52797,1717410058,A
sn_52797,1717412783,A
sn_52797,1717415459,A
sn_52797,1717505448,A
sn_52797,1717527299,A
sn_52797,1717538198,A
sn_52797,1717562694,A
sn_52797,1717581759,A
sn_52797,1717730348,A
sn_52797,1717737287,A
sn_52797,1717741748,A
sn_52797,1717744172,A
sn_52797,1717746430,A
sn_52797,1717750890,A
sn_52797,1717753050,A
sn_52797,1717772727,A
sn_52797,1717955455,A
sn_52797,1717974544,A
sn_52797,1717993635,A
sn_52797,1718037166,A
sn_52797,1718039953,A
sn_52797,1718069836,A
sn_52797,1718072613,A
sn_52797,1718110890,A
sn_52797,1718116290,A
sn_52797,1718121681,A
sn_52797,1718146285,A
sn_52797,1718165372,A
sn_52797,1718189973,A
sn_52797,1718222705,A
sn_52797,1718230864,A
sn_52797,1718271787,A
sn_52797,1718288126,A
sn_52797,1718290879,A
sn_52797,1718590849,A
sn_52797,1718596289,A
sn_52797,1718626289,A
sn_52797,1718661684,A
sn_52797,1718667204,A
sn_52797,1718680764,A
sn_52797,1718740768,A
sn_52797,1718765368,A
sn_52797,1718822609,A
sn_52797,1718941170,A
sn_52797,1718945010,A
sn_52797,1718949088,A
sn_52797,1718953529,A
sn_52797,1718957610,A
sn_52797,1718961689,A
sn_52797,1718963850,A
sn_52797,1718966129,A
sn_52797,1718970689,A
sn_52797,1718975129,A
sn_52797,1718977288,A
sn_52797,1718981365,A
sn_52797,1718985689,A
sn_52797,1718987849,A
sn_52797,1718989869,A
sn_52797,1718993849,A
sn_52797,1718996011,A
sn_52797,1718999824,A
sn_52797,1719002005,A
sn_52797,1719010529,A
sn_52797,1719012929,A
sn_52797,1719015089,A
sn_52797,1719017249,A
sn_52797,1719021689,A
sn_52797,1719023850,A
sn_52797,1719028410,A
sn_52797,1719030329,A
sn_52797,1719035010,A
sn_52797,1719040770,A
sn_52797,1719043050,A
sn_52797,1719051329,A
sn_52797,1719053729,A
sn_52797,1719055889,A
sn_52797,1719062370,A
sn_52797,1719064411,A
sn_52797,1719066449,A
sn_52797,1719070411,A
sn_52797,1719078424,A
sn_52797,1719080844,A
sn_52797,1719082889,A
sn_52797,1719085385,A
sn_52797,1719093806,A
sn_52797,1719096064,A
sn_52797,1719102329,A
sn_52797,1719108929,A
sn_52797,1719115524,A
sn_52797,1719117689,A
sn_52797,1719124765,A
sn_52797,1719133509,A
sn_52797,1719135811,A
sn_52797,1719138205,A
sn_52797,1719140244,A
sn_52797,1719144309,A
sn_52797,1719146351,A
sn_52797,1719152129,A
sn_52797,1719154279,A
sn_52797,1719160765,A
sn_52797,1719162806,A
sn_52797,1719168919,A
sn_52797,1719171571,A
sn_52797,1719173484,A
sn_52797,1719175411,A
sn_52797,1719177689,A
sn_52797,1719182119,A
sn_52797,1719186210,A
sn_52797,1719190411,A
sn_52797,1719192689,A
sn_52797,1719194705,A
sn_52797,1719196884,A
sn_52797,1719228914,A
sn_52797,1719256145,A
sn_52797,1719258904,A
sn_52797,1719261663,A
sn_52797,1719264403,A
sn_52797,1719267063,A
sn_52797,1719272585,A
sn_52797,1719275325,A
sn_52797,1719277984,A
sn_52797,1719302584,A
sn_52797,1719305324,A
sn_52797,1719444303,A
sn_52797,1719460750,A
sn_52797,1719463483,A
sn_52797,1719468904,A
sn_52797,1719487863,A
sn_52797,1719580745,A
sn_52797,1719583385,A
sn_52797,1719599824,A
sn_52797,1719613384,A
sn_52797,1719618903,A
sn_52797,1719635224,A
sn_52797,1719646155,A
sn_52797,1719651643,A
sn_52797,1719667984,A
sn_52797,1719681643,A
sn_52797,1719722464,A
sn_52797,1719727968,A
sn_52797,1719785224,A
sn_52797,1719815229,A
sn_52797,1719847984,A
sn_52797,1719918884,A
sn_52797,1719924304,A
sn_52797,1719927063,A
sn_52797,1719929804,A
sn_52797,1719937985,A
sn_52797,1719948883,A
sn_52797,1719951524,A
sn_52797,1719954304,A
sn_52797,1719967985,A
sn_52797,1719981544,A
sn_52797,1719995225,A
sn_52797,1720000605,A
sn_52797,1720011570,A
sn_52797,1720036144,A
sn_52797,1720038883,A
sn_52797,1720041545,A
sn_52797,1720052484,A
sn_52797,1720057964,A
sn_52797,1720060645,A
sn_52797,1720063384,A
sn_52797,1720068883,A
sn_52797,1720071523,A
sn_52797,1720082344,A
sn_52797,1720085225,A
sn_52797,1720090625,A
sn_52797,1720093385,A
sn_52797,1720096145,A
sn_52797,1720098785,A
sn_52797,1720104185,A
sn_52797,1720112469,A
sn_52797,1720120639,A
sn_52797,1720128785,A
sn_52797,1720137058,A
sn_52797,1720202484,A
sn_52797,1720205230,A
sn_52797,1720248785,A
sn_52797,1720262465,A
sn_52797,1720265225,A
sn_52797,1720270604,A
sn_52797,1720273366,A
sn_52797,1720276124,A
sn_52797,1720289704,A
sn_52797,1720295219,A
sn_52797,1720297864,A
sn_52797,1720308785,A
sn_52797,1720311559,A
sn_52797,1720314303,A
sn_52797,1720319703,A
sn_52797,1720325204,A
sn_52797,1720330635,A
sn_52797,1720344303,A
sn_52797,1720360605,A
sn_52797,1720371544,A
sn_52797,1720379703,A
sn_52797,1720382468,A
sn_52797,1720409684,A
sn_52797,1720417863,A
sn_52797,1720423385,A
sn_52797,1720439683,A
sn_52797,1720445204,A
sn_52797,1720469703,A
sn_52797,1720554065,A
sn_52797,1720562469,A
sn_52797,1720584283,A
sn_52797,1720592463,A
sn_52797,1720597869,A
sn_52797,1720600646,A
sn_52797,1720603365,A
sn_52797,1720606025,A
sn_52797,1720608765,A
sn_52797,1720611544,A
sn_52797,1720619703,A
sn_52797,1720622465,A
sn_52797,1720627724,A
sn_52797,1720633365,A
sn_52797,1720646946,A
sn_52797,1720649713,A
sn_52797,1720652443,A
sn_52797,1720657864,A
sn_52797,1720690503,A
sn_52797,1720696026,A
sn_52797,1720698786,A
sn_52797,1720706945,A
sn_52797,1720728785,A
sn_52797,1720736945,A
sn_52797,1720747864,A
sn_52797,1720750625,A
sn_52797,1720777844,A
sn_52797,1720783284,A
sn_52797,1720805105,A
sn_52797,1720816026,A
sn_52797,1720856945,A
sn_52797,1720873264,A
sn_52797,1720876026,A
sn_52797,1720892344,A
sn_52797,1720900605,A
sn_52797,1720968545,A
sn_52797,1720993265,A
sn_52797,1721034064,A
sn_52797,1721050504,A
sn_52797,1721053264,A
sn_52797,1721165129,A
sn_52797,1721176026,A
sn_52797,1721184163,A
sn_52797,1721186946,A
sn_52797,1721189564,A
sn_52797,1721192225,A
sn_52797,1721195103,A
sn_52797,1721197843,A
sn_52797,1721200385,A
sn_52797,1721211446,A
sn_52797,1721241425,A
sn_52797,1721249584,A
sn_52797,1721276925,A
sn_52797,1721285084,A
sn_52797,1721293264,A
sn_52797,1721294684,A
sn_64754,1720488832,A
sn_64754,1721219627,A
sn_63124,1719230275,A
sn_24675,1719419762,A
sn_24675,1719422374,A
sn_24675,1719430177,A
sn_24675,1719449511,A
sn_24675,1719452377,A
sn_24675,1719457654,A
sn_24675,1719476873,A
sn_24675,1719482551,A
sn_24675,1719484468,A
sn_47621,1717265516,A
sn_47621,1717266610,A
sn_6506,1720464273,A
sn_13164,1720772445,A
sn_34286,1720575998,A
sn_34286,1720578397,A
sn_34286,1720584157,A
sn_34286,1720589496,A
sn_34286,1720611087,A
sn_34286,1720619207,A
sn_34286,1720643487,A
sn_20607,1720455534,A
sn_21755,1717890686,A
sn_37583,1717464558,A
sn_37583,1717469665,A
sn_37583,1717475079,A
sn_37583,1717479608,A
sn_37583,1717485898,A
sn_39775,1720257126,A
sn_54106,1721582163,A
sn_54106,1721587543,A
sn_42083,1719297318,A
sn_42083,1720065897,A
sn_28919,1717183698,A
sn_28919,1717189132,A
sn_28919,1717191879,A
sn_28919,1717197274,A
sn_28919,1717200008,A
sn_28919,1717204320,A
sn_28919,1717208108,A
sn_28919,1717242862,A
sn_28919,1717254493,A
sn_28919,1717262670,A
sn_28919,1717284604,A
sn_28919,1717290027,A
sn_28919,1717298179,A
sn_28919,1717303677,A
sn_28919,1717306355,A
sn_28919,1717313151,A
sn_28919,1717317310,A
sn_28919,1717319694,A
sn_28919,1717332238,A
sn_28919,1717346769,A
sn_28919,1717354909,A
sn_28919,1717368956,A
sn_28919,1717379095,A
sn_28919,1717382771,A
sn_28919,1717389879,A
sn_28919,1717407156,A
sn_28919,1717425835,A
sn_28919,1717463435,A
sn_28919,1717485750,A
sn_28919,1717521763,A
sn_28919,1717526207,A
sn_28919,1717535439,A
sn_28919,1717573586,A
sn_28919,1717586473,A
sn_28919,1717594973,A
sn_28919,1717598717,A
sn_28919,1717611543,A
sn_28919,1717622422,A
sn_28919,1717664922,A
sn_28919,1717674409,A
sn_28919,1717677302,A
sn_28919,1717699107,A
sn_28919,1717709960,A
sn_28919,1717718206,A
sn_28919,1717723627,A
sn_28919,1717725633,A
sn_28919,1717726876,A
sn_28919,1717750870,A
sn_28919,1717761752,A
sn_28919,1717764549,A
sn_28919,1717767290,A
sn_28919,1717797145,A
sn_28919,1717826553,A
sn_28919,1717835438,A
sn_28919,1717838195,A
sn_28919,1717843616,A
sn_28919,1717846375,A
sn_28919,1717865463,A
sn_28919,1717869625,A
sn_28919,1717882223,A
sn_28919,1717887277,A
sn_28919,1717900855,A
sn_28919,1717909006,A
sn_28919,1717936359,A
sn_28919,1717956022,A
sn_28919,1717969028,A
sn_28919,1717990867,A
sn_28919,1718008955,A
sn_28919,1718023251,A
sn_28919,1718034528,A
sn_28919,1718042710,A
sn_28919,1718045425,A
sn_28919,1718048108,A
sn_28919,1718053619,A
sn_28919,1718064499,A
sn_28919,1718068826,A
sn_28919,1718077892,A
sn_28919,1718080874,A
sn_28919,1718083627,A
sn_28919,1718094515,A
sn_28919,1718096318,A
sn_28919,1718108135,A
sn_28919,1718110886,A
sn_28919,1718112035,A
sn_28919,1718116287,A
sn_28919,1718121035,A
sn_28919,1718129958,A
sn_28919,1718131743,A
sn_28919,1718146272,A
sn_28919,1718149005,A
sn_28919,1718170511,A
sn_28919,1718200877,A
sn_28919,1718203616,A
sn_28919,1718221153,A
sn_28919,1718244136,A
sn_28919,1718258108,A
sn_28919,1718274026,A
sn_28919,1718283032,A
sn_28919,1718299035,A
sn_28919,1718301741,A
sn_28919,1718320751,A
sn_28919,1718332261,A
sn_28919,1718353148,A
sn_28919,1718372315,A
sn_28919,1718375353,A
sn_28919,1718380828,A
sn_28919,1718387098,A
sn_28919,1718426941,A
sn_28919,1718437427,A
sn_28919,1718443532,A
sn_28919,1718446136,A
sn_28919,1718455862,A
sn_28919,1718459315,A
sn_28919,1718465353,A
sn_28919,1718468708,A
sn_28919,1718475189,A
sn_28919,1718484073,A
sn_28919,1718484801,A
sn_28919,1718505572,A
sn_28919,1718515627,A
sn_28919,1718519898,A
sn_28919,1718531608,A
sn_28919,1718536175,A
sn_28919,1718545886,A
sn_28919,1718557824,A
sn_28919,1718568276,A
sn_28919,1718571506,A
sn_28919,1718576063,A
sn_28919,1718590850,A
sn_28919,1718612602,A
sn_28919,1718617466,A
sn_28919,1718638519,A
sn_28919,1718653010,A
sn_28919,1718661547,A
sn_28919,1718688894,A
sn_28919,1718698023,A
sn_28919,1718755760,A
sn_28919,1718770734,A
sn_28919,1718771702,A
sn_28919,1718792466,A
sn_28919,1718835781,A
sn_28919,1718852586,A
sn_28919,1718854907,A
sn_28919,1718874307,A
sn_28919,1718874900,A
sn_28919,1718926021,A
sn_28919,1718928988,A
sn_28919,1718934435,A
sn_28919,1718938729,A
sn_28919,1718959538,A
sn_28919,1718965884,A
sn_28919,1718968159,A
sn_28919,1718972360,A
sn_28919,1718974525,A
sn_28919,1719016160,A
sn_28919,1719018206,A
sn_28919,1719024323,A
sn_28919,1719028627,A
sn_28919,1719030918,A
sn_28919,1719044611,A
sn_28919,1719094423,A
sn_28919,1719175654,A
sn_28919,1719179874,A
sn_28919,1719182030,A
sn_28919,1719184292,A
sn_28919,1719190787,A
sn_28919,1719192830,A
sn_28919,1719197376,A
sn_28919,1719367613,A
sn_28919,1719411673,A
sn_28919,1719414186,A
sn_28919,1719425101,A
sn_28919,1719446980,A
sn_28919,1719496835,A
sn_28919,1719528772,A
sn_28919,1719774289,A
sn_28919,1719777055,A
sn_28919,1719861314,A
sn_28919,1719948888,A
sn_28919,1719959800,A
sn_28919,1720030623,A
sn_28919,1720041540,A
sn_28919,1720145210,A
sn_28919,1720153398,A
sn_28919,1720162501,A
sn_28919,1720169612,A
sn_28919,1720180659,A
sn_28919,1720182568,A
sn_28919,1720197444,A
sn_28919,1720209892,A
sn_28919,1720231514,A
sn_28919,1720273150,A
sn_28919,1720286698,A
sn_28919,1720316484,A
sn_28919,1720322209,A
sn_28919,1720327880,A
sn_28919,1720332203,A
sn_28919,1720354855,A
sn_28919,1720367101,A
sn_28919,1720377997,A
sn_28919,1720387744,A
sn_28919,1720421472,A
sn_28919,1720446064,A
sn_28919,1720475195,A
sn_28919,1720477845,A
sn_28919,1720486057,A
sn_28919,1720510603,A
sn_28919,1720540527,A
sn_28919,1720556923,A
sn_28919,1720578687,A
sn_28919,1720611444,A
sn_28919,1720630595,A
sn_28919,1720631444,A
sn_28919,1720646226,A
sn_28919,1720660596,A
sn_28919,1720701548,A
sn_28919,1720715105,A
sn_28919,1720731041,A
sn_28919,1720755905,A
sn_28919,1720775122,A
sn_28919,1720801977,A
sn_28919,1720814835,A
sn_28919,1720824078,A
sn_28919,1720872314,A
sn_28919,1720874795,A
sn_28919,1720883927,A
sn_28919,1720890881,A
sn_28919,1720903274,A
sn_28919,1720905754,A
sn_28919,1720913702,A
sn_28919,1720918774,A
sn_28919,1720970914,A
sn_28919,1721043922,A
sn_28919,1721058174,A
sn_28919,1721060373,A
sn_28919,1721079769,A
sn_28919,1721105034,A
sn_28919,1721109785,A
sn_28919,1721126815,A
sn_28919,1721162342,A
sn_28919,1721165097,A
sn_28919,1721173178,A
sn_28919,1721280347,A
sn_28919,1721297815,A
sn_28919,1721311781,A
sn_28919,1721341509,A
sn_28919,1721353261,A
sn_28919,1721358678,A
sn_28919,1721375092,A
sn_28919,1721628683,A
sn_28919,1721631449,A
sn_28919,1722059970,A
sn_28919,1722120556,A
sn_28919,1722174890,A
sn_28919,1722184471,A
sn_28919,1722214868,A
sn_28919,1722223184,A
sn_28919,1722223556,A
sn_28919,1722234047,A
sn_28919,1722245589,A
sn_28919,1722255937,A
sn_28919,1722256252,A
sn_28919,1722271841,A
sn_28919,1722362100,A
sn_28919,1722392221,A
sn_28919,1722427406,A
sn_28919,1722438410,A
sn_24585,1717235492,A
sn_42465,1717521694,A
sn_42465,1717523854,A
sn_43516,1719725222,A
sn_43516,1719807070,A
sn_43516,1720837851,A
sn_43516,1720854200,A
sn_43516,1720919676,A
sn_43516,1720922434,A
sn_15071,1717295505,A
sn_15071,1717298233,A
sn_15071,1717303493,A
sn_20264,1722279735,A
sn_50096,1719980453,A
sn_47502,1719766187,A
sn_47502,1719768698,A
sn_47502,1719771427,A
sn_47502,1719774307,A
sn_47502,1719787867,A
sn_47502,1719790507,A
sn_47502,1719793287,A
sn_47502,1719796177,A
sn_47502,1719798797,A
sn_47502,1719801592,A
sn_47502,1719804342,A
sn_47502,1719807067,A
sn_47502,1719809707,A
sn_47502,1719812502,A
sn_47502,1719815227,A
sn_47502,1719817987,A
sn_47502,1719820627,A
sn_47502,1719823392,A
sn_47502,1719826147,A
sn_47502,1719828907,A
sn_47502,1719831582,A
sn_47502,1719834307,A
sn_47502,1719837082,A
sn_47502,1719839707,A
sn_47502,1719842487,A
sn_47502,1719845268,A
sn_47502,1719850627,A
sn_47502,1719853387,A
sn_47502,1719856032,A
sn_47502,1719867067,A
sn_47502,1719872382,A
sn_47502,1719875257,A
sn_47502,1719877987,A
sn_47502,1719880657,A
sn_47502,1719891587,A
sn_47502,1719893952,A
sn_47502,1719897067,A
sn_47502,1719899628,A
sn_47502,1719902482,A
sn_47502,1719905227,A
sn_47502,1719907987,A
sn_47502,1719910637,A
sn_47502,1719913422,A
sn_47502,1719937867,A
sn_47502,1719940387,A
sn_47502,1719943147,A
sn_47502,1719946147,A
sn_47502,1719948823,A
sn_47502,1719956947,A
sn_47502,1719959752,A
sn_47502,1719962472,A
sn_47502,1719970647,A
sn_47502,1719973417,A
sn_47502,1719976042,A
sn_47502,1719978833,A
sn_47502,1719981547,A
sn_47502,1719987067,A
sn_47502,1719989722,A
sn_47502,1719992513,A
sn_47502,1719995237,A
sn_47502,1719997897,A
sn_47502,1720000668,A
sn_47502,1720003407,A
sn_47502,1720006147,A
sn_47502,1720008787,A
sn_47502,1720017067,A
sn_47502,1720019717,A
sn_47502,1720025237,A
sn_47502,1720027888,A
sn_47502,1720036042,A
sn_47502,1720044312,A
sn_47502,1720047067,A
sn_47502,1720063313,A
sn_47502,1720066147,A
sn_47502,1720071567,A
sn_47502,1720076988,A
sn_47502,1720082498,A
sn_47502,1720090673,A
sn_47502,1720093418,A
sn_47502,1720098787,A
sn_47502,1720101578,A
sn_47502,1720104332,A
sn_47502,1720109707,A
sn_47502,1720112503,A
sn_47502,1720115127,A
sn_47502,1720120507,A
sn_47502,1720128677,A
sn_47502,1720131547,A
sn_47502,1720134327,A
sn_47502,1720142512,A
sn_47502,1720150627,A
sn_47502,1720153417,A
sn_47502,1720161452,A
sn_47502,1720164327,A
sn_47502,1720166967,A
sn_47502,1720169707,A
sn_47502,1720172467,A
sn_47502,1720191587,A
sn_47502,1720196827,A
sn_47502,1720224307,A
sn_47502,1720229722,A
sn_47502,1720235107,A
sn_47502,1720237867,A
sn_47502,1720259623,A
sn_47502,1720319707,A
sn_47502,1720322467,A
sn_47502,1720325107,A
sn_47502,1720336047,A
sn_47502,1720338787,A
sn_47502,1720341468,A
sn_18595,1721296004,A
sn_18595,1721298585,A
sn_18595,1721301220,A
sn_18595,1721304210,A
sn_16597,1721385960,A
sn_16597,1721388701,A
sn_16597,1721391478,A
sn_36832,1718110582,A
sn_4718,1719059150,A
sn_4718,1719066411,A
sn_4718,1719093131,A
sn_62312,1721753797,A
sn_62312,1721759287,A
sn_62312,1721771077,A
sn_62312,1721827442,A
sn_40700,1717382672,A
sn_34815,1720483295,A
sn_34815,1720535374,A
sn_34815,1720552562,A
sn_47086,1722395421,A
sn_59133,1719087671,A
sn_59133,1719094632,A
sn_59133,1719102071,A
sn_59133,1719110111,A
sn_59133,1719127273,A
sn_59133,1719129912,A
sn_17697,1717671834,A
sn_17697,1719340773,A
sn_17697,1719400764,A
sn_40789,1717922705,A
sn_55088,1719610740,A
sn_14531,1718015451,A
sn_14531,1718016490,A
sn_2501,1722228668,A
sn_33200,1719959550,A
sn_33200,1719988610,A
sn_33200,1719994736,A
sn_33200,1719995256,A
sn_61202,1717830015,A
sn_61202,1717858169,A
sn_61202,1718146337,A
sn_61202,1719563400,A
sn_61202,1720058610,A
sn_61202,1720254692,A
sn_61202,1720622420,A
sn_61202,1720930555,A
sn_61202,1720944245,A
sn_61202,1720955159,A
sn_61202,1720973177,A
sn_61202,1721107836,A
sn_61202,1721110595,A
sn_61202,1721113324,A
sn_61202,1721116051,A
sn_61202,1721126769,A
sn_61202,1721134775,A
sn_61202,1721143322,A
sn_61202,1721336865,A
sn_61202,1721347829,A
sn_61202,1721355973,A
sn_61202,1721385829,A
sn_61202,1721388722,A
sn_61202,1721403927,A
sn_41577,1721094021,A
sn_41577,1721102413,A
sn_4393,1720251484,A
sn_4393,1722378262,A
sn_41020,1719455305,A
sn_41020,1719457970,A
sn_41020,1719460708,A
sn_41020,1719463446,A
sn_41020,1719466204,A
sn_41020,1719473168,A
sn_41020,1719495488,A
sn_21342,1722121722,A
sn_53898,1720505671,A
sn_53898,1720519486,A
sn_53898,1720523086,A
sn_53898,1720588831,A
sn_53898,1720607686,A
sn_53898,1720690007,A
sn_53898,1720780487,A
sn_53898,1720859687,A
sn_53898,1720886687,A
sn_53898,1720889433,A
sn_53898,1720924487,A
sn_53898,1720926287,A
sn_53898,1720935287,A
sn_53898,1720940682,A
sn_53898,1720975832,A
sn_53898,1721055882,A
sn_53898,1721107232,A
sn_53898,1721118887,A
sn_53898,1721235882,A
sn_53898,1721238632,A
sn_53898,1721295282,A
sn_53898,1721528433,A
sn_53898,1721570682,A
sn_53898,1721620232,A
sn_53898,1721632832,A
sn_53898,1721651682,A
sn_53898,1721707482,A
sn_53898,1721799287,A
sn_53898,1722108032,A
sn_53898,1722130483,A
sn_53898,1722209682,A
sn_53898,1722315882,A
sn_53898,1722360882,A
sn_53898,1722429282,A
sn_53898,1722441032,A
sn_61283,1719501667,A
sn_16128,1720469655,A
sn_12926,1720720261,A
sn_53878,1717320040,A
sn_53878,1717333694,A
sn_53878,1717339120,A
sn_53878,1717371879,A
sn_53878,1717374604,A
sn_53878,1717380034,A
sn_53878,1717538225,A
sn_53878,1717696390,A
sn_53878,1717699056,A
sn_53878,1717701816,A
sn_53878,1717704566,A
sn_53878,1717707300,A
sn_53878,1717733010,A
sn_53878,1717741745,A
sn_53878,1717753015,A
sn_53878,1718009976,A
sn_53878,1718069976,A
sn_53878,1718072720,A
sn_53878,1718075376,A
sn_53878,1718078136,A
sn_53878,1718151800,A
sn_53878,1718189971,A
sn_53878,1718320610,A
sn_53878,1718367065,A
sn_53878,1718380850,A
sn_53878,1718461850,A
sn_53878,1718478890,A
sn_53878,1718836255,A
sn_53878,1718844410,A
sn_53878,1718985535,A
sn_53878,1718993810,A
sn_53878,1718999810,A
sn_53878,1719129205,A
sn_53878,1719138210,A
sn_53878,1719140250,A
sn_53878,1719148285,A
sn_53878,1719173465,A
sn_53878,1719190280,A
sn_53878,1719503210,A
sn_53878,1719572450,A
sn_53878,1719812015,A
sn_53878,1719917450,A
sn_53878,1719989690,A
sn_53878,1720249610,A
sn_53878,1720330656,A
sn_53878,1720333400,A
sn_53878,1720360656,A
sn_53878,1720398816,A
sn_53878,1720401576,A
sn_53878,1720404305,A
sn_53878,1720406976,A
sn_53878,1720412485,A
sn_53878,1721200536,A
sn_53878,1721203295,A
sn_53878,1721511456,A
sn_53878,1721879246,A
sn_53878,1721914730,A
sn_53878,1721917730,A
sn_53878,1721941250,A
sn_53878,1722021410,A
sn_53878,1722130250,A
sn_53878,1722176730,A
sn_53878,1722441551,A
sn_41376,1717298242,A
sn_41376,1717881824,A
sn_41376,1717903590,A
sn_41376,1717906335,A
sn_41376,1718271735,A
sn_41376,1719905264,A
sn_41376,1720115175,A
sn_41376,1720172504,A
sn_41376,1720837830,A
sn_41376,1720856984,A
sn_41376,1721015144,A
sn_41376,1721102415,A
sn_41376,1721230570,A
sn_41376,1721260559,A
sn_41376,1721268750,A
sn_41376,1721653229,A
sn_41376,1721655989,A
sn_41376,1721805974,A
sn_41376,1721822304,A
sn_41376,1721825069,A
sn_41376,1721827784,A
sn_41376,1721865969,A
sn_41376,1721871385,A
sn_41376,1721874139,A
sn_41376,1721887789,A
sn_41376,1721906869,A
sn_41376,1721917784,A
sn_41376,1722054140,A
sn_41376,1722144129,A
sn_41376,1722223214,A
sn_41376,1722362274,A
sn_41376,1722416790,A
sn_6888,1718426536,A
sn_26884,1720131543,A
sn_26884,1720134197,A
sn_26884,1720139720,A
sn_26884,1720178944,A
sn_29438,1719867016,A
sn_9455,1722414001,A
sn_9455,1722415680,A
sn_20875,1717414655,A
sn_20875,1717585802,A
sn_20875,1717928097,A
sn_20875,1718527113,A
sn_20875,1718869408,A
sn_20875,1719040556,A
sn_20875,1719126129,A
sn_20875,1719553998,A
sn_20875,1720153014,A
sn_20875,1720324162,A
sn_20875,1720409735,A
sn_20875,1720496339,A
sn_25764,1720499537,A
sn_25764,1720502163,A
sn_25764,1720504808,A
sn_25764,1720507907,A
sn_25764,1720529189,A
sn_71334,1720199100,B
sn_57836,1720573372,A
sn_57836,1720595191,A
sn_57836,1720600612,A
sn_57836,1720603372,A
sn_57836,1720622461,A
sn_57836,1720652455,A
sn_57836,1720663367,A
sn_57836,1720666095,A
sn_57836,1720668771,A
sn_57836,1720671531,A
sn_57836,1720674275,A
sn_57836,1720679688,A
sn_57836,1720693365,A
sn_57836,1720698780,A
sn_57836,1720704271,A
sn_57836,1720715176,A
sn_57836,1720736996,A
sn_57836,1720747851,A
sn_57836,1720889709,A
sn_57836,1720936017,A
sn_30315,1717260552,A
sn_30315,1717770944,A
sn_30315,1717831120,A
sn_30315,1718196270,A
sn_30315,1718341512,A
sn_30315,1718511643,A
sn_30315,1718766839,A
sn_56266,1721421449,A
sn_56266,1721424122,A
sn_56266,1721426408,A
sn_56266,1721431998,A
sn_56266,1721438596,A
sn_8613,1719685979,A
sn_37641,1720128527,A
sn_43995,1721115444,A
sn_43995,1721180847,A
sn_51,1718773555,A
sn_51,1718776230,A
sn_51,1718778991,A
sn_51,1718781740,A
sn_51,1718784465,A
sn_51,1718787151,A
sn_51,1718789910,A
sn_51,1718792645,A
sn_51,1718795311,A
sn_51,1718798071,A
sn_51,1718800825,A
sn_51,1718803555,A
sn_51,1718806230,A
sn_51,1718811735,A
sn_51,1718814391,A
sn_51,1718817151,A
sn_51,1718819910,A
sn_51,1718822645,A
sn_51,1718825310,A
sn_51,1718828071,A
sn_51,1718830825,A
sn_51,1718833550,A
sn_51,1718836230,A
sn_51,1718838990,A
sn_51,1718841730,A
sn_51,1718847151,A
sn_51,1718849910,A
sn_51,1718852640,A
sn_51,1718855310,A
sn_51,1718860820,A
sn_51,1718863550,A
sn_51,1718866230,A
sn_51,1718868991,A
sn_51,1718871730,A
sn_51,1718874390,A
sn_51,1718877151,A
sn_51,1718879910,A
sn_51,1718882635,A
sn_51,1718885311,A
sn_51,1718890820,A
sn_51,1718893545,A
sn_51,1718896230,A
sn_51,1718898990,A
sn_51,1718901725,A
sn_51,1718904391,A
sn_51,1718907151,A
sn_51,1718909905,A
sn_51,1718912635,A
sn_51,1718915310,A
sn_51,1718918071,A
sn_51,1718920815,A
sn_51,1718923470,A
sn_51,1718926230,A
sn_51,1718928990,A
sn_51,1718931725,A
sn_51,1718934390,A
sn_51,1718941230,A
sn_51,1718947470,A
sn_51,1718949751,A
sn_51,1718953111,A
sn_51,1718955030,A
sn_51,1718956710,A
sn_51,1718963430,A
sn_51,1718965590,A
sn_51,1718971830,A
sn_51,1718973990,A
sn_51,1718976270,A
sn_51,1718982630,A
sn_51,1718984671,A
sn_51,1718991030,A
sn_51,1718993070,A
sn_51,1718997151,A
sn_51,1719010351,A
sn_51,1719012391,A
sn_51,1719014551,A
sn_51,1719018271,A
sn_51,1719020190,A
sn_51,1719026430,A
sn_51,1719028471,A
sn_51,1719034110,A
sn_51,1719040111,A
sn_51,1719042030,A
sn_51,1719044071,A
sn_51,1719048631,A
sn_51,1719050670,A
sn_51,1719052590,A
sn_51,1719059191,A
sn_51,1719061590,A
sn_51,1719063630,A
sn_51,1719069630,A
sn_51,1719071671,A
sn_51,1719079951,A
sn_51,1719086191,A
sn_51,1719089890,A
sn_51,1719091951,A
sn_51,1719094230,A
sn_51,1719096030,A
sn_51,1719099859,A
sn_14130,1721118778,A
sn_14130,1721170591,A
sn_14130,1721173266,A
sn_46990,1721786879,A
sn_46990,1721879561,A
sn_46990,1721882321,A
sn_5732,1717338850,A
sn_5732,1717341647,A
sn_5732,1717344523,A
sn_5732,1717347247,A
sn_5732,1717349294,A
sn_5732,1717352163,A
sn_5732,1717355443,A
sn_5732,1717362365,A
sn_5732,1717366246,A
sn_5732,1717370768,A
sn_5732,1717378833,A
sn_5732,1717398843,A
sn_33440,1718042720,A
sn_31811,1720542776,A
sn_66381,1721538481,B
sn_66381,1721541386,B
sn_66381,1721545116,B
sn_66381,1721552137,B
sn_66381,1721554890,B
sn_66381,1721557470,B
sn_66381,1721571040,B
sn_66381,1721573739,B
sn_66381,1721576439,B
sn_66381,1721581841,B
sn_66381,1721584537,B
sn_66381,1721590158,B
sn_66381,1721593156,B
sn_66381,1721598038,B
sn_66381,1721599680,B
sn_63377,1720976835,A
sn_52522,1717764418,A
